FX,FY,FZ,Yaw,Pitch,Roll
0.058526,-0.017972,1.204764,-0.012564,0.076329,0.024270
0.061862,-0.012527,1.204561,-0.014131,0.076710,0.023473
0.061862,-0.012527,1.204561,-0.013493,0.077186,0.022638
0.064982,-0.010659,1.204365,-0.013980,0.075852,0.022994
0.064982,-0.010659,1.204365,-0.013120,0.076329,0.022779
0.083934,-0.012559,1.202855,-0.012143,0.076440,0.022816
0.083934,-0.012559,1.202855,-0.011059,0.077039,0.023100
0.083934,-0.012559,1.202855,-0.010472,0.077521,0.023611
0.083972,-0.014599,1.186525,-0.010362,0.077765,0.023860
0.083972,-0.014599,1.186525,-0.011126,0.078512,0.024319
0.101406,-0.024833,1.554390,-0.011137,0.079001,0.024439
0.101406,-0.024833,1.554390,-0.010533,0.079238,0.024585
0.101406,-0.024833,1.554390,-0.010639,0.078750,0.024337
0.106234,-0.029245,1.792958,-0.010754,0.078507,0.024211
0.106234,-0.029245,1.792958,-0.010967,0.078015,0.023590
0.102410,-0.021784,1.802419,-0.010450,0.077276,0.023123
0.102410,-0.021784,1.802419,-0.009695,0.075677,0.023155
0.104483,-0.024809,1.925258,-0.007200,0.074921,0.025456
0.104483,-0.024809,1.925258,-0.006972,0.074431,0.026078
0.104483,-0.024809,1.925258,-0.007339,0.073095,0.026556
0.104483,-0.024809,1.925258,-0.008466,0.073720,0.027004
0.104483,-0.024809,1.925258,-0.009420,0.072269,0.026850
0.104483,-0.024809,1.925258,-0.008971,0.073241,0.027598
0.104483,-0.024809,1.925258,-0.008727,0.072994,0.027730
0.104483,-0.024809,1.925258,-0.006420,0.075405,0.027324
0.104483,-0.024809,1.925258,-0.007520,0.075664,0.027159
0.104483,-0.024809,1.925258,-0.007541,0.074568,0.028140
0.104483,-0.024809,1.925258,-0.009160,0.076298,0.028198
0.062967,-0.031630,1.394083,-0.009737,0.074842,0.027813
0.062967,-0.031630,1.394083,-0.008213,0.074448,0.026521
0.062967,-0.031630,1.394083,-0.005412,0.074289,0.026993
0.096278,-0.032328,1.672224,-0.006264,0.074666,0.026716
0.096278,-0.032328,1.672224,-0.005847,0.076496,0.027957
0.101249,-0.035452,1.686333,-0.006365,0.077235,0.028426
0.101249,-0.035452,1.686333,-0.006611,0.076629,0.028663
0.101249,-0.035452,1.686333,-0.007340,0.074445,0.029373
0.112637,-0.045646,1.992963,-0.007007,0.075173,0.029997
0.112637,-0.045646,1.992963,-0.005641,0.073811,0.030049
0.111467,-0.046253,1.993015,-0.004419,0.074159,0.029972
0.111467,-0.046253,1.993015,-0.004055,0.073787,0.030230
0.111467,-0.046253,1.993015,-0.004905,0.073678,0.030076
0.109343,-0.046505,1.993148,-0.004649,0.073548,0.029839
0.109343,-0.046505,1.993148,-0.003016,0.071817,0.029408
0.131264,-0.053085,2.402207,-0.001390,0.070570,0.028973
0.131264,-0.053085,2.402207,-0.001634,0.066912,0.026877
0.131264,-0.053085,2.402207,-0.002085,0.066797,0.025761
0.117549,-0.039141,2.403316,-0.001545,0.066303,0.024432
0.117549,-0.039141,2.403316,-0.001147,0.065075,0.023953
0.109092,-0.026545,2.319037,-0.000533,0.065556,0.023729
0.109092,-0.026545,2.319037,-0.000417,0.066413,0.023613
0.122411,-0.026261,2.318221,0.000164,0.067869,0.024002
0.122411,-0.026261,2.318221,0.000355,0.070187,0.024748
0.122411,-0.026261,2.318221,0.000430,0.072258,0.025367
0.122411,-0.026261,2.318221,0.000541,0.071768,0.025860
0.135970,-0.036146,2.360680,0.001995,0.072485,0.026039
0.135970,-0.036146,2.360680,0.001544,0.069193,0.026134
0.134630,-0.056041,2.492321,0.000892,0.069687,0.027092
0.134630,-0.056041,2.492321,0.000870,0.070052,0.027582
0.134630,-0.056041,2.492321,0.001261,0.066748,0.028198
0.123455,-0.060317,2.492868,0.002366,0.065878,0.028477
0.123455,-0.060317,2.492868,0.002223,0.065878,0.029084
0.122254,-0.057435,2.493019,0.002837,0.065992,0.028983
0.122254,-0.057435,2.493019,0.004169,0.066826,0.029030
0.122254,-0.057435,2.493019,0.003436,0.068307,0.028400
0.132147,-0.055443,2.561261,0.003326,0.068676,0.027908
0.132147,-0.055443,2.561261,0.002873,0.069419,0.026548
0.163087,-0.053606,2.993567,0.002899,0.070031,0.025572
0.163087,-0.053606,2.993567,0.002682,0.069914,0.024829
0.172382,-0.053297,3.128664,0.002067,0.070532,0.024687
0.172382,-0.053297,3.128664,0.001343,0.069443,0.024781
0.172382,-0.053297,3.128664,0.000732,0.068714,0.025002
0.163360,-0.061937,3.129011,0.000242,0.068110,0.025229
0.163360,-0.061937,3.129011,0.000242,0.068110,0.025229
0.163360,-0.061937,3.129011,0.001268,0.068340,0.027347
0.157101,-0.080288,3.087299,0.000795,0.066878,0.027448
0.157101,-0.080288,3.087299,0.000928,0.066389,0.027329
0.157101,-0.080288,3.087299,0.000452,0.066030,0.027068
0.139740,-0.072891,2.837030,0.001077,0.065901,0.026721
0.139740,-0.072891,2.837030,0.001587,0.065529,0.026247
0.123438,-0.060041,2.438523,0.002450,0.065640,0.026031
0.123438,-0.060041,2.438523,0.002445,0.066006,0.026032
0.134758,-0.060942,2.437838,0.001915,0.068208,0.026388
0.134758,-0.060942,2.437838,0.001005,0.070662,0.026976
0.134758,-0.060942,2.437838,0.000327,0.072991,0.027939
0.165425,-0.072383,2.667232,0.000703,0.073962,0.027342
0.165425,-0.072383,2.667232,0.001339,0.072124,0.027361
0.170107,-0.083625,2.970650,0.001416,0.071631,0.028832
0.170107,-0.083625,2.970650,0.001781,0.070523,0.029330
0.170107,-0.083625,2.970650,0.002281,0.070028,0.029223
0.158639,-0.093287,2.971050,0.003488,0.069398,0.029998
0.158639,-0.093287,2.971050,0.004228,0.068654,0.030143
0.160139,-0.096135,2.970879,0.003595,0.069272,0.030491
0.160139,-0.096135,2.970879,0.003688,0.070616,0.030746
0.164674,-0.097666,2.970488,0.003945,0.068654,0.031235
0.164674,-0.097666,2.970488,0.004063,0.068652,0.031361
0.164674,-0.097666,2.970488,0.003813,0.069022,0.031354
0.166476,-0.098404,2.970363,0.003959,0.068045,0.031110
0.166476,-0.098404,2.970363,0.005309,0.068513,0.030791
0.166476,-0.098404,2.970363,0.005928,0.069116,0.030326
0.166476,-0.098404,2.970363,0.005934,0.069850,0.029840
0.166476,-0.098404,2.970363,0.005807,0.070588,0.029719
0.166476,-0.098404,2.970363,0.004697,0.072437,0.029198
0.166476,-0.098404,2.970363,0.004200,0.073909,0.028819
0.166476,-0.098404,2.970363,0.004933,0.070855,0.026626
0.166476,-0.098404,2.970363,0.006589,0.067294,0.026053
0.166476,-0.098404,2.970363,0.006611,0.066197,0.025803
0.166476,-0.098404,2.970363,0.007866,0.065942,0.024987
0.174347,-0.098973,3.525323,0.008372,0.064838,0.024875
0.174347,-0.098973,3.525323,0.008734,0.063851,0.025369
0.174347,-0.098973,3.525323,0.008972,0.064336,0.025379
0.160292,-0.099930,3.394035,0.008456,0.065320,0.025859
0.160292,-0.099930,3.394035,0.008313,0.066296,0.026105
0.182404,-0.105309,3.392556,0.007538,0.068014,0.026703
0.182404,-0.105309,3.392556,0.007489,0.070085,0.027325
0.182404,-0.105309,3.392556,0.008066,0.070683,0.028083
0.198584,-0.112159,3.438457,0.007188,0.070818,0.028667
0.198584,-0.112159,3.438457,0.007544,0.070933,0.028925
0.205487,-0.124664,3.721755,0.006823,0.069108,0.029255
0.205487,-0.124664,3.721755,0.005868,0.066926,0.029456
0.192609,-0.131640,3.859745,0.004429,0.065480,0.029155
0.192609,-0.131640,3.859745,0.004339,0.064386,0.028658
0.192609,-0.131640,3.859745,0.004354,0.063899,0.028412
0.183615,-0.128204,3.860302,0.003753,0.063905,0.028024
0.183615,-0.128204,3.860302,0.003763,0.065253,0.027174
0.193052,-0.116923,3.650246,0.004009,0.066350,0.026697
0.193052,-0.116923,3.650246,0.003639,0.067576,0.026322
0.193052,-0.116923,3.650246,0.003519,0.067700,0.026196
0.201463,-0.106379,3.346034,0.002780,0.068441,0.026051
0.201463,-0.106379,3.346034,0.002422,0.068817,0.025674
0.186366,-0.099171,3.092100,0.003521,0.068925,0.025712
0.186366,-0.099171,3.092100,0.003406,0.069660,0.025221
0.187243,-0.100878,3.092040,0.003809,0.069170,0.024376
0.187243,-0.100878,3.092040,0.003809,0.069170,0.024376
0.187243,-0.100878,3.092040,0.003762,0.067342,0.022775
0.187243,-0.100878,3.092040,0.000573,0.063231,0.020579
0.171708,-0.105537,3.286491,-0.002826,0.063140,0.019736
0.171708,-0.105537,3.286491,-0.003550,0.063025,0.019468
0.182375,-0.103302,3.285988,-0.001760,0.066549,0.019772
0.182375,-0.103302,3.285988,0.002789,0.070777,0.021530
0.182375,-0.103302,3.285988,0.000947,0.071765,0.024773
0.224716,-0.132562,3.256970,0.000535,0.073969,0.025254
0.224716,-0.132562,3.256970,0.000647,0.075188,0.025138
0.167279,-0.119210,2.311095,0.001739,0.076277,0.025061
0.167279,-0.119210,2.311095,0.003675,0.077593,0.025263
0.172448,-0.119475,2.310705,0.005615,0.078670,0.025467
0.172448,-0.119475,2.310705,0.005861,0.078912,0.025356
0.172448,-0.119475,2.310705,0.005869,0.078668,0.025232
0.215709,-0.144145,3.319091,0.005507,0.077814,0.025335
0.215709,-0.144145,3.319091,0.005768,0.076103,0.025459
0.231948,-0.151614,4.090530,0.009807,0.073235,0.026449
0.231948,-0.151614,4.090530,0.011383,0.071254,0.027594
0.231948,-0.151614,4.090530,0.011873,0.069776,0.028088
0.220231,-0.161936,4.177643,0.012105,0.068791,0.028823
0.220231,-0.161936,4.177643,0.015546,0.066663,0.029288
0.211580,-0.172143,4.268130,0.017865,0.065770,0.029845
0.211580,-0.172143,4.268130,0.018603,0.066005,0.029627
0.235848,-0.172439,4.348043,0.019691,0.067088,0.029554
0.235848,-0.172439,4.348043,0.019766,0.069402,0.030075
0.235848,-0.172439,4.348043,0.018607,0.072713,0.030442
0.280683,-0.169397,4.347048,0.022827,0.075325,0.031246
0.280683,-0.169397,4.347048,0.025939,0.078076,0.032267
0.280683,-0.169397,4.347048,0.027815,0.080591,0.033486
0.329347,-0.183571,4.350216,0.026321,0.083877,0.035810
0.329347,-0.183571,4.350216,0.022936,0.089642,0.038209
0.372083,-0.222056,4.345168,0.020048,0.094553,0.040483
0.372083,-0.222056,4.345168,0.017925,0.099097,0.042042
0.372083,-0.222056,4.345168,0.019544,0.101736,0.043022
0.416165,-0.250282,4.377918,0.023812,0.103202,0.045480
0.416165,-0.250282,4.377918,0.023306,0.102680,0.048271
0.416870,-0.274819,4.479993,0.019766,0.101539,0.048315
0.416870,-0.274819,4.479993,0.020874,0.097252,0.047690
0.371962,-0.268993,4.484305,0.019651,0.092893,0.046948
0.371962,-0.268993,4.484305,0.010088,0.088254,0.043631
0.371962,-0.268993,4.484305,0.005889,0.080325,0.036398
0.308024,-0.226124,4.496982,0.013212,0.072054,0.030850
0.308024,-0.226124,4.496982,0.012429,0.063443,0.024749
0.308024,-0.226124,4.496982,0.011829,0.060299,0.021524
0.308024,-0.226124,4.496982,0.016060,0.052846,0.016934
0.308024,-0.226124,4.496982,0.020463,0.044660,0.014147
0.308024,-0.226124,4.496982,0.023075,0.039032,0.013526
0.308024,-0.226124,4.496982,0.017357,0.036633,0.012903
0.308024,-0.226124,4.496982,0.017614,0.036760,0.012175
0.308024,-0.226124,4.496982,0.020286,0.038940,0.012493
0.308024,-0.226124,4.496982,0.010928,0.044969,0.014058
0.308024,-0.226124,4.496982,0.002552,0.051497,0.014861
0.188671,-0.107180,4.726290,-0.008196,0.059275,0.016518
0.188671,-0.107180,4.726290,-0.010556,0.062228,0.016803
0.234871,-0.101932,4.530927,-0.011934,0.065781,0.016744
0.234871,-0.101932,4.530927,-0.014700,0.066038,0.015183
0.234871,-0.101932,4.530927,-0.023039,0.064972,0.012226
0.230634,-0.080779,4.531556,-0.028589,0.061510,0.006463
0.230634,-0.080779,4.531556,-0.029498,0.059409,0.004385
0.167848,-0.014421,5.135225,-0.031315,0.053118,0.000269
0.167848,-0.014421,5.135225,-0.024845,0.040604,-0.004171
0.003886,0.062202,5.138484,-0.013100,0.027546,-0.006531
0.003886,0.062202,5.138484,-0.004968,0.011581,-0.006499
0.003886,0.062202,5.138484,-0.003400,0.005482,-0.006602
-0.141783,0.076440,5.470358,0.003400,-0.005849,-0.006480
-0.141783,0.076440,5.470358,0.002047,-0.015133,-0.003800
-0.238481,0.053855,5.374979,-0.002101,-0.019901,-0.002543
-0.238481,0.053855,5.374979,0.005952,-0.021355,-0.002994
-0.238481,0.053855,5.374979,0.012753,-0.021322,-0.006486
-0.263139,0.086535,5.270413,0.012181,-0.022378,-0.013569
-0.263139,0.086535,5.270413,0.005282,-0.018981,-0.022273
-0.221530,0.200134,5.269294,0.009519,-0.016701,-0.029506
-0.221530,0.200134,5.269294,0.011650,-0.010780,-0.034614
-0.176748,0.301484,5.959077,0.006985,-0.005121,-0.035910
-0.176748,0.301484,5.959077,0.007794,-0.000838,-0.035406
-0.176748,0.301484,5.959077,0.005987,0.009357,-0.027563
-0.049546,0.227644,5.964767,-0.001424,0.019274,-0.016986
-0.049546,0.227644,5.964767,-0.012672,0.010691,-0.027050
-0.095983,0.157835,4.536856,0.006707,0.014994,-0.031817
-0.095983,0.157835,4.536856,0.029204,0.002396,-0.030366
-0.095983,0.157835,4.536856,-0.014836,-0.005905,-0.022663
-0.214412,0.113458,4.535410,-0.038507,-0.006196,-0.017463
-0.214412,0.113458,4.535410,-0.023089,-0.002700,-0.011811
-0.250590,0.197431,5.621760,-0.016914,-0.009397,-0.014083
-0.250590,0.197431,5.621760,-0.000672,-0.020146,-0.018187
-0.250590,0.197431,5.621760,0.012534,-0.027145,-0.012384
-0.384433,0.137430,5.615984,-0.001663,-0.040286,0.002355
-0.384433,0.137430,5.615984,-0.019158,-0.054918,0.014959
-0.522601,0.006942,5.606033,-0.016910,-0.057243,0.016020
-0.522601,0.006942,5.606033,0.003892,-0.064373,0.018234
-0.522601,0.006942,5.606033,0.016090,-0.071960,0.021712
-0.580413,-0.090708,4.700483,0.006253,-0.077962,0.025244
-0.580413,-0.090708,4.700483,-0.003169,-0.084530,0.035206
-0.777495,-0.142572,5.960252,-0.011341,-0.089110,0.039890
-0.777495,-0.142572,5.960252,-0.024522,-0.092890,0.047666
-0.777495,-0.142572,5.960252,-0.042174,-0.098706,0.057869
-0.831097,-0.300850,5.473522,-0.043997,-0.102417,0.059055
-0.831097,-0.300850,5.473522,-0.021142,-0.109002,0.053927
-0.934530,-0.299195,5.459352,-0.012774,-0.111331,0.050916
-0.934530,-0.299195,5.459352,0.001674,-0.114519,0.044216
-0.936204,-0.250973,5.247252,0.004128,-0.118249,0.038549
-0.936204,-0.250973,5.247252,0.002688,-0.122262,0.033846
-0.936204,-0.250973,5.247252,0.014996,-0.128673,0.026048
-0.987548,-0.182862,5.240129,0.024321,-0.131458,0.022711
-0.987548,-0.182862,5.240129,0.040741,-0.133752,0.016656
-1.080749,-0.037503,5.695607,0.045510,-0.134194,0.012131
-1.080749,-0.037503,5.695607,0.037789,-0.134852,0.011032
-1.080749,-0.037503,5.695607,0.031903,-0.142485,0.008728
-1.128537,-0.002368,5.686460,0.033738,-0.150820,0.008968
-1.128537,-0.002368,5.686460,0.045352,-0.164770,0.010910
-1.262473,-0.035947,5.381479,0.044528,-0.172494,0.011575
-1.262473,-0.035947,5.381479,0.048817,-0.181178,0.009275
-1.262473,-0.035947,5.381479,0.048568,-0.194344,0.010895
-1.503171,-0.056295,5.320735,0.046472,-0.199729,0.011618
-1.503171,-0.056295,5.320735,0.051418,-0.215169,0.014182
-1.646083,-0.106553,5.277548,0.043124,-0.230501,0.023666
-1.646083,-0.106553,5.277548,0.029263,-0.239235,0.031921
-1.794226,-0.145630,5.243766,0.026489,-0.240555,0.034909
-1.794226,-0.145630,5.243766,0.031578,-0.239793,0.035310
-1.794226,-0.145630,5.243766,0.038995,-0.240863,0.040995
-1.794226,-0.145630,5.243766,0.039249,-0.250370,0.044721
-1.794226,-0.145630,5.243766,0.047680,-0.260889,0.044213
-1.794226,-0.145630,5.243766,0.050999,-0.270770,0.050083
-1.794226,-0.145630,5.243766,0.043476,-0.276130,0.052375
-1.794226,-0.145630,5.243766,0.040624,-0.283051,0.050203
-1.794226,-0.145630,5.243766,0.065700,-0.290799,0.041124
-1.794226,-0.145630,5.243766,0.093947,-0.299962,0.029625
-1.794226,-0.145630,5.243766,0.111299,-0.311117,0.022410
-2.631188,-0.260824,6.049529,0.109819,-0.314152,0.021868
-2.631188,-0.260824,6.049529,0.108459,-0.316720,0.018859
-2.631188,-0.260824,6.049529,0.111868,-0.319584,0.018063
-2.676277,-0.247162,6.030293,0.114314,-0.322855,0.018439
-2.676277,-0.247162,6.030293,0.112370,-0.322322,0.021253
-2.590416,-0.316107,5.840959,0.103921,-0.315827,0.025990
-2.590416,-0.316107,5.840959,0.096926,-0.308463,0.027730
-2.590416,-0.316107,5.840959,0.095900,-0.299036,0.030009
-2.188951,-0.349827,5.081659,0.098390,-0.296573,0.032040
-2.188951,-0.349827,5.081659,0.104718,-0.298153,0.034268
-2.032160,-0.368044,4.685323,0.105017,-0.299134,0.036776
-2.032160,-0.368044,4.685323,0.096456,-0.300863,0.042921
-2.032160,-0.368044,4.685323,0.093964,-0.300816,0.043557
-2.040371,-0.380585,4.680749,0.101332,-0.299880,0.039628
-2.040371,-0.380585,4.680749,0.109657,-0.299318,0.035939
-2.119713,-0.359600,4.659367,0.111147,-0.299461,0.035452
-2.119713,-0.359600,4.659367,0.105587,-0.298428,0.037488
-2.119713,-0.359600,4.659367,0.098907,-0.297088,0.039045
-2.111722,-0.344247,4.664237,0.094802,-0.296267,0.039424
-2.111722,-0.344247,4.664237,0.089301,-0.295407,0.040006
-2.072056,-0.254848,4.683356,0.084376,-0.294701,0.040883
-2.072056,-0.254848,4.683356,0.074855,-0.288394,0.039322
-2.261236,-0.258678,5.497990,0.082110,-0.282009,0.034571
-2.261236,-0.258678,5.497990,0.090917,-0.275339,0.029166
-2.261236,-0.258678,5.497990,0.094138,-0.271376,0.026808
-2.261236,-0.258678,5.497990,0.093575,-0.269157,0.027215
-2.261236,-0.258678,5.497990,0.081310,-0.262845,0.033002
-2.261236,-0.258678,5.497990,0.068471,-0.256609,0.035076
-2.261236,-0.258678,5.497990,0.061860,-0.246981,0.033686
-2.261236,-0.258678,5.497990,0.060236,-0.237769,0.030130
-2.261236,-0.258678,5.497990,0.060624,-0.233189,0.028153
-2.261236,-0.258678,5.497990,0.063010,-0.220827,0.023486
-2.261236,-0.258678,5.497990,0.065993,-0.207863,0.019467
-1.778295,-0.100424,5.560703,0.073546,-0.190282,0.015719
-1.778295,-0.100424,5.560703,0.090216,-0.184533,0.005752
-1.778295,-0.100424,5.560703,0.087700,-0.175816,0.017925
-1.473162,-0.110373,5.637434,0.061074,-0.151633,0.009979
-1.473162,-0.110373,5.637434,0.085576,-0.145881,0.002535
-1.190064,-0.042455,5.695184,0.047118,-0.116734,0.007714
-1.190064,-0.042455,5.695184,0.062530,-0.095513,0.011013
-1.190064,-0.042455,5.695184,0.069510,-0.079256,0.009628
-0.751175,-0.017752,12.954521,0.086103,-0.043090,0.001813
-0.751175,-0.017752,12.954521,0.083175,-0.014077,0.000636
0.633374,-0.020007,35.759674,0.071967,0.015852,0.010955
0.633374,-0.020007,35.759674,0.066038,0.045793,0.015088
5.925865,-0.536241,83.965538,0.063073,0.061470,0.014550
5.925865,-0.536241,83.965538,0.059451,0.093211,0.012474
5.925865,-0.536241,83.965538,0.056219,0.108238,0.013380
14.940566,-0.380296,122.515503,0.047709,0.132784,0.012186
14.940566,-0.380296,122.515503,0.026760,0.156986,0.012892
22.973225,-1.401136,152.628189,0.010537,0.174127,0.009007
22.973225,-1.401136,152.628189,0.007037,0.193171,0.002181
22.973225,-1.401136,152.628189,-0.006326,0.207886,-0.004298
29.126650,1.109540,169.711365,-0.039653,0.227165,-0.020543
29.126650,1.109540,169.711365,-0.090163,0.250082,-0.031682
33.040401,1.152446,179.867279,-0.127564,0.256636,-0.034080
33.040401,1.152446,179.867279,-0.219643,0.287557,-0.048484
37.998913,-4.396707,179.093201,-0.251671,0.295471,-0.040244
37.998913,-4.396707,179.093201,-0.260169,0.308183,-0.034234
37.998913,-4.396707,179.093201,-0.250028,0.310060,-0.027782
39.236652,-7.867774,178.772888,-0.239030,0.311398,-0.024375
39.236652,-7.867774,178.772888,-0.223992,0.307574,-0.019752
35.143093,-8.369607,179.675629,-0.214018,0.292324,-0.015438
35.143093,-8.369607,179.675629,-0.188611,0.260159,-0.003774
35.143093,-8.369607,179.675629,-0.168774,0.196273,0.007181
17.629494,-7.914981,182.249741,-0.134356,0.148163,0.020645
17.629494,-7.914981,182.249741,-0.075287,0.076399,0.024094
-10.928893,-6.017797,83.726463,-0.049050,0.041228,0.038841
-10.928893,-6.017797,83.726463,-0.073395,-0.038988,0.009502
-10.832067,-2.472112,28.413214,-0.032420,-0.105742,-0.013284
-10.832067,-2.472112,28.413214,0.007481,-0.155509,-0.031198
-10.832067,-2.472112,28.413214,0.040174,-0.212202,-0.054162
-3.363973,-1.306684,5.726406,0.064561,-0.264805,-0.073503
-3.363973,-1.306684,5.726406,0.064593,-0.300972,-0.070118
-3.363973,-1.306684,5.726406,0.027640,-0.328977,-0.060188
-2.248658,0.326755,5.625184,0.017017,-0.343298,-0.062577
-2.248658,0.326755,5.625184,0.024943,-0.367637,-0.067480
-2.124252,0.497154,5.449854,0.018999,-0.392807,-0.066195
-2.124252,0.497154,5.449854,0.016480,-0.406647,-0.067351
-2.124252,0.497154,5.449854,0.009558,-0.415980,-0.065743
-2.312380,0.628791,5.363218,-0.003037,-0.418715,-0.063712
-2.312380,0.628791,5.363218,-0.011720,-0.420640,-0.067665
-3.682864,0.880129,7.564956,0.002781,-0.426834,-0.079411
-3.682864,0.880129,7.564956,0.015605,-0.434164,-0.083288
-4.188479,1.014024,7.737206,0.019218,-0.442377,-0.080531
-4.188479,1.014024,7.737206,0.019240,-0.447030,-0.075786
-4.188479,1.014024,7.737206,0.019894,-0.450260,-0.067887
-4.466326,0.872925,7.613280,0.014318,-0.450781,-0.051582
-4.466326,0.872925,7.613280,0.003501,-0.448582,-0.037628
-4.466326,0.872925,7.613280,-0.001533,-0.444987,-0.028220
-4.466326,0.872925,7.613280,-0.001698,-0.442133,-0.023567
-4.466326,0.872925,7.613280,0.000357,-0.438144,-0.020106
-4.466326,0.872925,7.613280,0.004450,-0.432233,-0.018595
-4.466326,0.872925,7.613280,0.006784,-0.427241,-0.018080
-4.466326,0.872925,7.613280,0.010047,-0.422460,-0.019540
-4.466326,0.872925,7.613280,0.012190,-0.421545,-0.020395
-4.466326,0.872925,7.613280,0.014781,-0.419279,-0.021730
-4.466326,0.872925,7.613280,0.016266,-0.416003,-0.023759
-4.403047,0.468864,7.852255,0.017102,-0.413221,-0.024969
-4.403047,0.468864,7.852255,0.014306,-0.408120,-0.025372
-4.322474,0.536132,7.894147,0.011924,-0.406043,-0.025113
-4.322474,0.536132,7.894147,0.005875,-0.401376,-0.024338
-4.322474,0.536132,7.894147,-0.000324,-0.395711,-0.025169
-4.127690,0.583886,7.742078,-0.001517,-0.391965,-0.027982
-4.127690,0.583886,7.742078,0.001347,-0.388031,-0.032120
-3.931525,0.620891,7.625861,0.002414,-0.386250,-0.033641
-3.931525,0.620891,7.625861,0.002796,-0.382392,-0.035391
-3.836437,0.636703,7.648664,-0.000310,-0.377080,-0.035232
-3.836437,0.636703,7.648664,-0.003330,-0.371795,-0.034707
-3.836437,0.636703,7.648664,-0.005583,-0.364768,-0.034584
-3.687196,0.641646,7.588144,-0.006339,-0.361668,-0.034667
-3.687196,0.641646,7.588144,-0.006273,-0.355459,-0.035654
-3.424397,0.630081,7.426792,-0.004705,-0.348125,-0.036492
-3.424397,0.630081,7.426792,-0.005293,-0.342562,-0.035916
-3.424397,0.630081,7.426792,-0.007929,-0.336291,-0.035121
-3.291202,0.624492,7.456173,-0.008677,-0.334437,-0.035103
-3.291202,0.624492,7.456173,-0.008193,-0.331477,-0.035676
-3.242630,0.632608,7.476742,-0.006014,-0.329686,-0.036932
-3.242630,0.632608,7.476742,-0.003565,-0.329154,-0.037988
-3.301636,0.652667,7.635495,-0.001628,-0.328738,-0.038171
-3.301636,0.652667,7.635495,-0.001498,-0.328615,-0.038191
-3.301636,0.652667,7.635495,-0.001576,-0.328258,-0.037913
-3.330835,0.664486,7.735217,-0.002236,-0.327273,-0.037264
-3.330835,0.664486,7.735217,-0.002924,-0.326668,-0.036750
-3.321739,0.662793,7.739300,-0.002938,-0.326306,-0.036874
-3.321739,0.662793,7.739300,-0.002448,-0.326175,-0.037084
-3.321739,0.662793,7.739300,-0.000513,-0.325871,-0.038049
-3.263387,0.664698,7.717020,0.003232,-0.326175,-0.039064
-3.263387,0.664698,7.717020,0.004236,-0.326788,-0.038457
-3.264422,0.644906,7.713691,0.003658,-0.327055,-0.037190
-3.264422,0.644906,7.713691,0.002977,-0.327195,-0.036557
-3.264422,0.644906,7.713691,0.001110,-0.327241,-0.035204
-3.249791,0.635071,7.685335,-0.003305,-0.327567,-0.033432
-3.249791,0.635071,7.685335,-0.007167,-0.327759,-0.031488
-3.239237,0.624677,7.655171,-0.010331,-0.326826,-0.030174
-3.239237,0.624677,7.655171,-0.010037,-0.326944,-0.029962
-3.233967,0.617116,7.657851,-0.009213,-0.327054,-0.029707
-3.233967,0.617116,7.657851,-0.007524,-0.326284,-0.030631
-3.233967,0.617116,7.657851,-0.003846,-0.324610,-0.033045
-3.240668,0.642100,7.780115,0.003318,-0.322114,-0.036527
-3.240668,0.642100,7.780115,0.007467,-0.321036,-0.038355
-3.240668,0.642100,7.780115,0.020297,-0.319651,-0.042096
-3.220253,0.636933,7.788522,0.028637,-0.317643,-0.042993
-3.220253,0.636933,7.788522,0.033775,-0.316332,-0.041821
-3.209053,0.568299,7.788699,0.037478,-0.318975,-0.038204
-3.209053,0.568299,7.788699,0.037472,-0.321130,-0.035795
-3.245071,0.506679,7.727486,0.033696,-0.328516,-0.028600
-3.245071,0.506679,7.727486,0.029149,-0.335752,-0.022253
-3.245071,0.506679,7.727486,0.026591,-0.342034,-0.018139
-3.322189,0.405606,7.350802,0.031400,-0.346478,-0.017882
-3.322189,0.405606,7.350802,0.034994,-0.347404,-0.019193
-3.352086,0.380785,7.338546,0.045266,-0.345032,-0.022904
-3.352086,0.380785,7.338546,0.052139,-0.339988,-0.024724
-3.352086,0.380785,7.338546,0.061155,-0.332411,-0.026640
-3.335100,0.367735,7.703733,0.074627,-0.320955,-0.026300
-3.335100,0.367735,7.703733,0.081684,-0.315501,-0.025493
-2.863459,0.197186,7.428833,0.095958,-0.302085,-0.017463
-2.863459,0.197186,7.428833,0.099899,-0.293130,-0.008050
-2.755513,0.080796,7.471711,0.105324,-0.284801,0.000451
-2.755513,0.080796,7.471711,0.118245,-0.272972,0.010391
-2.755513,0.080796,7.471711,0.123291,-0.267238,0.014864
-2.410943,-0.182166,7.078544,0.133756,-0.250076,0.026401
-2.410943,-0.182166,7.078544,0.142463,-0.233349,0.035537
-2.260211,-0.392321,7.630808,0.160414,-0.213132,0.050911
-2.260211,-0.392321,7.630808,0.160170,-0.199369,0.072250
-2.260211,-0.392321,7.630808,0.144319,-0.193596,0.085366
-1.937404,-0.685692,7.699419,0.096740,-0.179066,0.097019
-1.937404,-0.685692,7.699419,0.082031,-0.168615,0.095031
-1.636884,-0.519134,7.275094,0.079974,-0.155952,0.082675
-1.636884,-0.519134,7.275094,0.103402,-0.154780,0.070991
-1.636884,-0.519134,7.275094,0.119970,-0.156582,0.069649
-1.604877,-0.455348,7.286487,0.142780,-0.164228,0.076048
-1.604877,-0.455348,7.286487,0.159075,-0.174576,0.081200
-1.683753,-0.627088,6.993435,0.190655,-0.182092,0.096568
-1.683753,-0.627088,6.993435,0.156487,-0.182590,0.118672
-1.427795,-0.716785,5.583802,0.135990,-0.179621,0.117364
-1.427795,-0.716785,5.583802,0.119875,-0.172372,0.111294
-1.427795,-0.716785,5.583802,0.134501,-0.173092,0.101555
-1.418090,-0.591958,5.600544,0.213912,-0.184748,0.070411
-1.418090,-0.591958,5.600544,0.314103,-0.194521,0.041327
-1.637509,-0.493165,7.262082,0.360742,-0.196939,0.028903
-1.637509,-0.493165,7.262082,0.456578,-0.198875,0.003730
-1.637509,-0.493165,7.262082,0.519499,-0.197320,-0.006684
-1.655400,-0.537966,7.254841,0.593062,-0.193115,-0.011811
-1.655400,-0.537966,7.254841,0.655929,-0.190647,-0.012671
-1.320781,-0.787266,6.467337,0.692320,-0.188525,-0.016296
-1.320781,-0.787266,6.467337,0.813870,-0.191963,-0.032273
-1.109543,-0.815346,5.140610,0.917020,-0.195857,-0.048236
-1.109543,-0.815346,5.140610,1.032267,-0.200919,-0.063853
-1.109543,-0.815346,5.140610,1.099180,-0.205893,-0.070801
-1.143858,-1.139841,5.081065,1.124496,-0.209992,-0.073067
-1.143858,-1.139841,5.081065,1.178539,-0.217350,-0.084000
-1.143858,-1.139841,5.081065,1.254727,-0.219776,-0.105027
-1.906077,-1.769538,7.642466,1.343073,-0.220550,-0.125005
-1.906077,-1.769538,7.642466,1.375040,-0.218616,-0.136270
-2.282012,-2.116364,8.728761,1.393689,-0.216361,-0.144543
-2.282012,-2.116364,8.728761,1.452693,-0.208441,-0.159048
-2.282012,-2.116364,8.728761,1.482054,-0.202672,-0.161792
-2.471689,-2.210940,9.470228,1.517927,-0.197501,-0.160742
-2.471689,-2.210940,9.470228,1.535725,-0.198220,-0.154549
-2.273661,-2.196717,9.518288,1.542550,-0.199680,-0.151035
-2.273661,-2.196717,9.518288,1.561806,-0.206361,-0.142106
-2.035384,-2.368272,9.526855,1.569756,-0.212059,-0.132100
-2.035384,-2.368272,9.526855,1.569039,-0.216185,-0.119870
-2.035384,-2.368272,9.526855,1.575568,-0.216819,-0.113460
-1.460038,-2.167158,8.205253,1.578676,-0.216454,-0.110325
-1.460038,-2.167158,8.205253,1.577950,-0.215180,-0.102144
-1.335250,-2.152687,8.230279,1.570760,-0.213854,-0.095004
-1.335250,-2.152687,8.230279,1.550141,-0.214280,-0.085014
-1.335250,-2.152687,8.230279,1.520173,-0.217154,-0.077512
-1.366326,-2.231104,9.061846,1.505364,-0.218430,-0.076372
-1.366326,-2.231104,9.061846,1.489941,-0.221542,-0.084124
-1.638727,-2.303972,9.285208,1.476013,-0.230592,-0.092706
-1.638727,-2.303972,9.285208,1.492271,-0.242946,-0.118225
-2.011908,-2.569077,9.143915,1.528865,-0.256461,-0.138840
-2.011908,-2.569077,9.143915,1.540846,-0.267963,-0.141807
-2.011908,-2.569077,9.143915,1.498541,-0.303453,-0.118034
-2.146481,-3.569346,9.608006,1.438842,-0.337750,-0.092071
-2.146481,-3.569346,9.608006,1.406370,-0.374957,-0.065808
-1.929624,-3.961416,8.739154,1.420806,-0.400773,-0.060665
-1.929624,-3.961416,8.739154,1.440445,-0.414891,-0.061179
-1.929624,-3.961416,8.739154,1.488065,-0.444710,-0.051825
-1.178565,-4.206773,7.296407,1.533382,-0.468223,-0.044335
-1.178565,-4.206773,7.296407,1.603930,-0.469580,-0.036918
-0.404084,-4.378462,7.271015,1.649112,-0.467090,-0.018392
-0.404084,-4.378462,7.271015,1.632247,-0.454604,0.016105
0.045850,-4.144913,7.415942,1.578209,-0.440535,0.046377
0.045850,-4.144913,7.415942,1.546922,-0.432162,0.048297
0.045850,-4.144913,7.415942,1.536849,-0.421142,0.041668
-0.216646,-3.895733,7.544957,1.578792,-0.406600,0.019266
-0.216646,-3.895733,7.544957,1.612550,-0.390251,0.012903
-0.022426,-3.627786,7.681127,1.630939,-0.376416,0.021004
-0.022426,-3.627786,7.681127,1.636977,-0.361414,0.030377
-0.022426,-3.627786,7.681127,1.675459,-0.340809,0.028357
0.234186,-3.274413,7.835691,1.721297,-0.320543,0.028580
0.234186,-3.274413,7.835691,1.748460,-0.305089,0.033136
0.523355,-2.888576,7.630998,1.733181,-0.294613,0.057236
0.523355,-2.888576,7.630998,1.699729,-0.293005,0.024035
-0.094404,-2.943250,7.520538,1.668124,-0.292196,0.004616
-0.094404,-2.943250,7.520538,1.676505,-0.295593,-0.012890
-0.094404,-2.943250,7.520538,1.712404,-0.287639,-0.028951
-0.253932,-2.891443,7.539567,1.769082,-0.261585,-0.040493
-0.253932,-2.891443,7.539567,1.781945,-0.238744,-0.036325
-0.253932,-2.891443,7.539567,1.729493,-0.229834,-0.033420
-0.323035,-2.829554,8.958033,1.687508,-0.227036,-0.035604
-0.323035,-2.829554,8.958033,1.675495,-0.225515,-0.035916
-0.427890,-2.401554,7.896454,1.680957,-0.227341,-0.029719
-0.427890,-2.401554,7.896454,1.668007,-0.232943,-0.011871
-0.427890,-2.401554,7.896454,1.619656,-0.243477,0.012901
-0.156859,-2.296133,7.130477,1.567186,-0.251308,0.025366
-0.156859,-2.296133,7.130477,1.570647,-0.262842,0.031364
-0.068999,-2.656728,7.353205,1.580762,-0.280048,0.025045
-0.068999,-2.656728,7.353205,1.610785,-0.297632,0.006911
-0.163687,-2.976689,7.232701,1.616591,-0.306786,0.001043
-0.163687,-2.976689,7.232701,1.601485,-0.297337,-0.002189
-0.163687,-2.976689,7.232701,1.591101,-0.282269,-0.008400
-0.586314,-3.139361,8.972241,1.581277,-0.256384,-0.016972
-0.586314,-3.139361,8.972241,1.609490,-0.226689,-0.026766
-0.624569,-2.454736,9.170174,1.613581,-0.209607,-0.018672
-0.624569,-2.454736,9.170174,1.585906,-0.209717,-0.009617
-0.624569,-2.454736,9.170174,1.558462,-0.209918,-0.006923
-0.657393,-2.088067,8.360938,1.560213,-0.212759,-0.017159
-0.657393,-2.088067,8.360938,1.604109,-0.221127,-0.025590
-0.522226,-2.158042,8.107889,1.601614,-0.229804,-0.016424
-0.522226,-2.158042,8.107889,1.578166,-0.242519,-0.006576
-0.449277,-2.522331,7.300174,1.573196,-0.254282,-0.004838
-0.449277,-2.522331,7.300174,1.581264,-0.272362,-0.005851
-0.449277,-2.522331,7.300174,1.585630,-0.290832,-0.007325
-0.409104,-2.875472,7.395920,1.590349,-0.299776,-0.011031
-0.409104,-2.875472,7.395920,1.596781,-0.304016,-0.011857
-0.427227,-2.952078,7.363980,1.595810,-0.303684,-0.010476
-0.427227,-2.952078,7.363980,1.596704,-0.301782,-0.009015
-0.427227,-2.952078,7.363980,1.600219,-0.299486,-0.004726
-0.371245,-2.946545,7.375240,1.585562,-0.298684,0.002837
-0.371245,-2.946545,7.375240,1.571479,-0.296127,0.009678
-0.371245,-2.946545,7.375240,1.567013,-0.294342,0.012273
-0.371245,-2.946545,7.375240,1.560482,-0.286964,0.014978
-0.371245,-2.946545,7.375240,1.566149,-0.274729,0.013311
-0.371245,-2.946545,7.375240,1.569062,-0.288168,0.010120
-0.371245,-2.946545,7.375240,1.585814,-0.260671,0.003101
-0.371245,-2.946545,7.375240,1.598822,-0.274065,-0.000792
-0.371245,-2.946545,7.375240,1.572744,-0.271906,0.015766
-0.371245,-2.946545,7.375240,1.551886,-0.252417,0.014482
-0.371245,-2.946545,7.375240,1.593376,-0.227354,0.000486
-0.292610,-2.611617,8.725668,1.637475,-0.187582,-0.008465
-0.292610,-2.611617,8.725668,1.648839,-0.173847,-0.013326
-0.265896,-2.629154,15.427197,1.667409,-0.151487,-0.021029
-0.265896,-2.629154,15.427197,1.646824,-0.119895,-0.020173
-0.265896,-2.629154,15.427197,1.631324,-0.090229,-0.018565
-0.547135,-2.834721,28.317207,1.628126,-0.050939,-0.021591
-0.547135,-2.834721,28.317207,1.633722,-0.036451,-0.027406
-0.547135,-2.834721,28.317207,1.645000,-0.012006,-0.037331
-0.547135,-2.834721,28.317207,1.633256,0.026082,-0.044101
-0.547135,-2.834721,28.317207,1.626198,0.056683,-0.044213
-0.547135,-2.834721,28.317207,1.635477,0.088381,-0.047359
-0.547135,-2.834721,28.317207,1.637314,0.094431,-0.048384
-0.547135,-2.834721,28.317207,1.625029,0.107300,-0.049660
-0.547135,-2.834721,28.317207,1.609007,0.120026,-0.049587
-0.547135,-2.834721,28.317207,1.604913,0.139672,-0.050731
-0.547135,-2.834721,28.317207,1.614279,0.166133,-0.048929
-10.517245,22.458437,159.751083,1.611473,0.180033,-0.049512
-10.517245,22.458437,159.751083,1.610773,0.196458,-0.055510
-14.580399,33.207073,181.236694,1.611378,0.214206,-0.059725
-14.580399,33.207073,181.236694,1.605755,0.230179,-0.063477
-14.580399,33.207073,181.236694,1.618985,0.257213,-0.072827
-19.837761,45.927441,199.757324,1.624173,0.267681,-0.077449
-19.837761,45.927441,199.757324,1.632486,0.289240,-0.088107
-27.796595,56.306652,200.577866,1.638583,0.324387,-0.098092
-27.796595,56.306652,200.577866,1.630698,0.349702,-0.107980
-31.784889,63.220898,197.982254,1.609826,0.364650,-0.123897
-31.784889,63.220898,197.982254,1.595423,0.369363,-0.130467
-31.784889,63.220898,197.982254,1.546772,0.374080,-0.144644
-28.243700,57.472088,177.027176,1.460380,0.329725,-0.162186
-28.243700,57.472088,177.027176,1.426317,0.279617,-0.149744
-16.180573,21.990129,155.491623,1.409206,0.198836,-0.117339
-16.180573,21.990129,155.491623,1.400740,0.156243,-0.103875
-16.180573,21.990129,155.491623,1.374433,0.108068,-0.080557
-7.676764,-1.267502,95.592903,1.359079,0.056793,-0.079601
-7.676764,-1.267502,95.592903,1.342254,-0.021071,-0.065546
-7.676764,-1.267502,95.592903,1.327212,-0.082454,-0.060760
-2.753744,-5.686372,27.606369,1.329515,-0.106505,-0.054274
-2.753744,-5.686372,27.606369,1.330154,-0.149622,-0.040495
-1.032640,-1.467377,9.463904,1.304350,-0.208843,-0.011358
-1.032640,-1.467377,9.463904,1.258544,-0.252035,0.013400
-0.989727,-2.091136,7.636244,1.211947,-0.302569,0.038398
-0.989727,-2.091136,7.636244,1.192105,-0.320397,0.046924
-0.989727,-2.091136,7.636244,1.158950,-0.352228,0.056103
-1.136481,-2.555430,7.370754,1.141731,-0.388763,0.053021
-1.136481,-2.555430,7.370754,1.126331,-0.411731,0.047697
-1.635052,-3.035506,7.092335,1.082982,-0.433165,0.047418
-1.635052,-3.035506,7.092335,1.059070,-0.440015,0.048705
-1.635052,-3.035506,7.092335,0.999379,-0.448362,0.054277
-2.379345,-3.501240,8.188825,0.911930,-0.452508,0.060255
-2.379345,-3.501240,8.188825,0.836899,-0.453027,0.063651
-3.414162,-3.353812,9.211411,0.741586,-0.448125,0.065392
-3.414162,-3.353812,9.211411,0.704220,-0.445445,0.064720
-3.906142,-2.617698,9.255839,0.609908,-0.437392,0.057757
-3.906142,-2.617698,9.255839,0.538368,-0.436092,0.043933
-3.906142,-2.617698,9.255839,0.460593,-0.437775,0.029976
-4.349422,-1.806274,8.962265,0.364752,-0.441410,0.016162
-4.349422,-1.806274,8.962265,0.323027,-0.442330,0.015525
-4.570181,-0.670311,8.165658,0.198509,-0.450460,0.029861
-4.570181,-0.670311,8.165658,0.104822,-0.459784,0.038821
-4.570181,-0.670311,8.165658,0.027897,-0.469380,0.039631
-4.671863,-0.025613,7.580576,-0.056264,-0.483128,0.039721
-4.671863,-0.025613,7.580576,-0.090948,-0.487641,0.041741
-4.154910,0.640988,6.140434,-0.186997,-0.499063,0.049799
-4.154910,0.640988,6.140434,-0.255364,-0.504238,0.050777
-4.154910,0.640988,6.140434,-0.297841,-0.505615,0.041697
-3.510618,1.040213,5.064253,-0.333040,-0.501796,0.032176
-3.510618,1.040213,5.064253,-0.361698,-0.499487,0.040724
-3.320574,1.276165,5.128561,-0.483016,-0.490584,0.089498
-3.320574,1.276165,5.128561,-0.595145,-0.474512,0.134494
-3.045377,1.427313,5.248166,-0.685964,-0.457152,0.166782
-3.045377,1.427313,5.248166,-0.777377,-0.437728,0.192784
-3.045377,1.427313,5.248166,-0.793610,-0.432164,0.191767
-2.825173,1.555857,5.298393,-0.787210,-0.424257,0.171540
-2.825173,1.555857,5.298393,-0.785401,-0.418084,0.160218
-2.674722,1.617036,5.341703,-0.806569,-0.401306,0.160554
-2.674722,1.617036,5.341703,-0.815768,-0.390137,0.166443
-2.674722,1.617036,5.341703,-0.822317,-0.385965,0.169545
-2.622658,1.559456,5.384349,-0.828083,-0.383756,0.165708
-2.622658,1.559456,5.384349,-0.798470,-0.388638,0.145623
-2.188938,1.399421,4.429296,-0.758366,-0.390682,0.129613
-2.188938,1.399421,4.429296,-0.751830,-0.390023,0.133692
-2.018379,1.187376,3.838612,-0.764641,-0.388209,0.142940
-2.018379,1.187376,3.838612,-0.817249,-0.377311,0.170251
-2.018379,1.187376,3.838612,-0.821190,-0.372621,0.173192
-1.993721,1.048676,3.634518,-0.787464,-0.380588,0.169533
-1.993721,1.048676,3.634518,-0.784137,-0.382006,0.167690
-2.032899,1.010602,3.623715,-0.772901,-0.381619,0.158149
-2.032899,1.010602,3.623715,-0.699622,-0.384641,0.123246
-2.032899,1.010602,3.623715,-0.644483,-0.380474,0.100673
-1.988319,0.897363,3.736673,-0.639165,-0.371676,0.102608
-1.988319,0.897363,3.736673,-0.633854,-0.361810,0.101728
-1.988319,0.897363,3.736673,-0.617753,-0.355211,0.098185
-2.518245,1.104629,5.546782,-0.563018,-0.344308,0.086193
-2.518245,1.104629,5.546782,-0.529237,-0.337353,0.077757
-2.381944,1.038055,5.619673,-0.497504,-0.327725,0.066241
-2.381944,1.038055,5.619673,-0.472813,-0.314666,0.061360
-2.178144,0.881850,5.626124,-0.461211,-0.304680,0.058020
-2.178144,0.881850,5.626124,-0.430248,-0.287070,0.042540
-2.178144,0.881850,5.626124,-0.394719,-0.269063,0.026181
-1.996253,0.846424,5.701268,-0.352128,-0.244886,0.007556
-1.996253,0.846424,5.701268,-0.330497,-0.221677,0.000299
-1.604881,0.891911,5.820607,-0.329992,-0.211138,0.000092
-1.604881,0.891911,5.820607,-0.320681,-0.184895,-0.006855
-1.604881,0.891911,5.820607,-0.307906,-0.162990,-0.010915
-1.233733,0.973443,5.903992,-0.299486,-0.132489,-0.013035
-1.233733,0.973443,5.903992,-0.298359,-0.104055,-0.013042
-0.817572,0.844289,5.988652,-0.295460,-0.090590,-0.012427
-0.817572,0.844289,5.988652,-0.296442,-0.054352,-0.011047
-0.332398,0.647888,7.350440,-0.281682,-0.025106,-0.010994
-0.332398,0.647888,7.350440,-0.280714,0.008610,-0.007998
-0.332398,0.647888,7.350440,-0.282564,0.032496,-0.005609
0.153960,0.413009,7.366518,-0.286018,0.041553,-0.003515
0.153960,0.413009,7.366518,-0.297501,0.063270,0.000415
0.480531,0.225355,7.016872,-0.298184,0.076647,0.003966
0.480531,0.225355,7.016872,-0.294558,0.090187,0.008064
0.480531,0.225355,7.016872,-0.280411,0.098089,0.010074
0.609720,0.150658,7.008814,-0.270777,0.100656,0.011683
0.609720,0.150658,7.008814,-0.249529,0.107743,0.014348
0.699912,0.113519,7.015138,-0.232917,0.110487,0.016650
0.699912,0.113519,7.015138,-0.225258,0.109663,0.018021
0.723800,0.103266,7.023371,-0.216296,0.106666,0.018819
0.723800,0.103266,7.023371,-0.212677,0.104845,0.019567
0.723800,0.103266,7.023371,-0.205632,0.098761,0.021154
0.684542,0.120170,7.265474,-0.197961,0.092359,0.022140
0.684542,0.120170,7.265474,-0.185012,0.085686,0.021105
0.627213,0.157722,7.293294,-0.173746,0.080499,0.019678
0.627213,0.157722,7.293294,-0.170968,0.077817,0.018784
0.627213,0.157722,7.293294,-0.162818,0.070701,0.015360
0.560722,0.220766,7.297084,-0.158284,0.066057,0.014528
0.560722,0.220766,7.297084,-0.153222,0.064566,0.014926
0.563500,0.212437,7.296838,-0.143218,0.059854,0.015453
0.563500,0.212437,7.296838,-0.137019,0.061796,0.016118
0.547354,0.212544,7.100641,-0.120852,0.061928,0.016968
0.547354,0.212544,7.100641,-0.108050,0.062482,0.018311
0.547354,0.212544,7.100641,-0.092635,0.066099,0.020830
0.558409,0.176498,6.636380,-0.077101,0.069567,0.023782
0.558409,0.176498,6.636380,-0.068878,0.071716,0.025467
0.615104,0.132122,6.632453,-0.048604,0.077063,0.031217
0.615104,0.132122,6.632453,-0.035360,0.079485,0.035979
0.615104,0.132122,6.632453,-0.008538,0.084988,0.039372
0.693240,0.091962,6.855783,0.010201,0.089474,0.043279
0.693240,0.091962,6.855783,0.021805,0.091794,0.043348
0.693240,0.091962,6.855783,0.050546,0.099153,0.042938
0.780786,0.118126,7.005839,0.063774,0.106055,0.044229
0.780786,0.118126,7.005839,0.087102,0.115162,0.043721
0.887514,0.171441,6.992650,0.104922,0.114773,0.042402
0.887514,0.171441,6.992650,0.120930,0.114947,0.044834
0.889092,0.169214,7.195975,0.139039,0.110448,0.049884
0.889092,0.169214,7.195975,0.142360,0.108096,0.052608
0.889092,0.169214,7.195975,0.165630,0.099370,0.054001
0.779296,0.131346,7.209291,0.178487,0.096583,0.055762
0.779296,0.131346,7.209291,0.182444,0.096376,0.055697
0.677750,0.117288,6.556058,0.196221,0.093701,0.054762
0.677750,0.117288,6.556058,0.208816,0.089154,0.054392
0.677750,0.117288,6.556058,0.223142,0.083854,0.051736
0.596027,0.135360,6.334851,0.232666,0.084067,0.049349
0.596027,0.135360,6.334851,0.243590,0.085656,0.047692
0.620095,0.175136,6.282001,0.256973,0.088340,0.047923
0.620095,0.175136,6.282001,0.265711,0.093551,0.050173
0.668618,0.172043,6.277238,0.271387,0.094924,0.053753
0.668618,0.172043,6.277238,0.271472,0.095085,0.058742
0.668618,0.172043,6.277238,0.271365,0.094211,0.060597
0.665536,0.088435,6.169337,0.269744,0.092614,0.063513
0.665536,0.088435,6.169337,0.266625,0.093250,0.063941
0.637830,0.059164,6.031705,0.267477,0.097793,0.062144
0.637830,0.059164,6.031705,0.271254,0.102919,0.057489
0.637830,0.059164,6.031705,0.272341,0.105247,0.055646
0.727118,0.131739,6.265622,0.266844,0.109961,0.050903
0.727118,0.131739,6.265622,0.267031,0.115107,0.043056
0.779949,0.273495,6.400473,0.267856,0.120184,0.036475
0.779949,0.273495,6.400473,0.267839,0.127313,0.027627
0.779949,0.273495,6.400473,0.264370,0.129846,0.024505
0.841594,0.452583,6.385091,0.250123,0.132817,0.018960
0.841594,0.452583,6.385091,0.225132,0.131147,0.014472
0.836973,0.463494,6.385062,0.197449,0.127375,0.012880
0.836973,0.463494,6.385062,0.161088,0.120478,0.011961
0.773596,0.410914,6.347608,0.148452,0.118049,0.011875
0.773596,0.410914,6.347608,0.128430,0.114315,0.011428
0.773596,0.410914,6.347608,0.115071,0.110908,0.011570
0.737426,0.375471,6.354105,0.106016,0.108568,0.012293
0.737426,0.375471,6.354105,0.098282,0.105345,0.013555
0.706655,0.340686,6.359297,0.095904,0.103730,0.014333
0.706655,0.340686,6.359297,0.090386,0.100500,0.015863
0.706655,0.340686,6.359297,0.085236,0.096894,0.017901
0.687450,0.298630,6.438147,0.081683,0.094254,0.020195
0.687450,0.298630,6.438147,0.078219,0.091702,0.023611
0.676582,0.269857,6.551653,0.078144,0.090785,0.025043
0.676582,0.269857,6.551653,0.079989,0.089056,0.028002
0.676582,0.269857,6.551653,0.082397,0.088498,0.031770
0.676582,0.269857,6.551653,0.084805,0.089413,0.035113
0.676582,0.269857,6.551653,0.086200,0.091413,0.039079
