;0;1;2
0;0,0;0,0;0,0
1;0,0;0,0;0,0
2;0,0;0,0;0,0
3;0,0;0,0;0,0
4;0,0;0,0;0,0
5;0,0;0,0;0,0
6;0,0;0,0;0,0
7;0,0;0,0;0,0
8;0,0;0,0;0,0
9;0,0;0,0;0,0
10;0,0;0,0;0,0
11;0,0;0,0;0,0
12;0,0;0,0;0,0
13;0,0;0,0;0,0
14;0,0;0,0;0,0
15;0,0;0,0;0,0
16;0,0;0,0;0,0
17;0,0;0,0;0,0
18;0,0;0,0;0,0
19;0,0;0,0;0,0
20;0,0;0,0;0,0
21;0,0;0,0;0,0
22;0,0;0,0;0,0
23;0,0;0,0;0,0
24;0,0;0,0;0,0
25;0,0;0,0;0,0
26;0,0;0,0;0,0
27;0,0;0,0;0,0
28;0,0;0,0;0,0
29;0,0;0,0;0,0
30;0,0;0,0;0,0
31;0,0;0,0;0,0
32;0,0;0,0;0,0
33;0,0;0,0;0,0
34;0,0;0,0;0,0
35;0,0;0,0;0,0
36;0,0;0,0;0,0
37;0,0;0,0;0,0
38;0,0;0,0;0,0
39;0,0;0,0;0,0
40;0,0;0,0;0,0
41;0,0;0,0;0,0
42;0,0;0,0;0,0
43;0,0;0,0;0,0
44;0,0;0,0;0,0
45;0,0;0,0;0,0
46;0,0;0,0;0,0
47;0,0;0,0;0,0
48;0,0;0,0;0,0
49;0,0;0,0;0,0
50;0,0;0,0;0,0
51;0,0;0,0;0,0
52;0,0;0,0;0,0
53;0,0;0,0;0,0
54;0,0;0,0;0,0
55;0,0;0,0;0,0
56;0,0;0,0;0,0
57;0,0;0,0;0,0
58;0,0;0,0;0,0
59;0,0;0,0;0,0
60;0,0;0,0;0,0
61;0,0;0,0;0,0
62;0,0;0,0;0,0
63;0,0;0,0;0,0
64;0,0;0,0;0,0
65;0,0;0,0;0,0
66;0,0;0,0;0,0
67;0,0;0,0;0,0
68;0,0;0,0;0,0
69;0,0;0,0;0,0
70;0,0;0,0;0,0
71;0,0;0,0;0,0
72;0,0;0,0;0,0
73;0,0;0,0;0,0
74;0,0;0,0;0,0
75;0,0;0,0;0,0
76;0,0;0,0;0,0
77;0,0;0,0;0,0
78;0,0;0,0;0,0
79;0,0;0,0;0,0
80;0,0;0,0;0,0
81;0,0;0,0;0,0
82;0,0;0,0;0,0
83;0,0;0,0;0,0
84;0,0;0,0;0,0
85;0,0;0,0;0,0
86;0,0;0,0;0,0
87;0,0;0,0;0,0
88;0,0;0,0;0,0
89;0,0;0,0;0,0
90;0,0;0,0;0,0
91;0,0;0,0;0,0
92;0,0;0,0;0,0
93;0,0;0,0;0,0
94;0,0;0,0;0,0
95;0,0;0,0;0,0
96;0,0;0,0;0,0
97;0,0;0,0;0,0
98;0,0;0,0;0,0
99;0,0;0,0;0,0
100;0,0;0,0;0,0
101;0,0;0,0;0,0
102;0,0;0,0;0,0
103;0,0;0,0;0,0
104;0,0;0,0;0,0
105;0,0;0,0;0,0
106;0,0;0,0;0,0
107;0,0;0,0;0,0
108;0,0;0,0;0,0
109;0,0;0,0;0,0
110;0,0;0,0;0,0
111;0,0;0,0;0,0
112;0,0;0,0;0,0
113;0,0;0,0;0,0
114;0,0;0,0;0,0
115;0,0;0,0;0,0
116;0,0;0,0;0,0
117;0,0;0,0;0,0
118;0,0;0,0;0,0
119;0,0;0,0;0,0
120;0,0;0,0;0,0
121;0,0;0,0;0,0
122;0,0;0,0;0,0
123;0,0;0,0;0,0
124;0,0;0,0;0,0
125;0,0;0,0;0,0
126;0,0;0,0;0,0
127;0,0;0,0;0,0
128;0,0;0,0;0,0
129;0,0;0,0;0,0
130;0,0;0,0;0,0
131;0,0;0,0;0,0
132;0,0;0,0;0,0
133;0,0;0,0;0,0
134;0,0;0,0;0,0
135;0,0;0,0;0,0
136;0,0;0,0;0,0
137;0,0;0,0;0,0
138;0,0;0,0;0,0
139;0,0;0,0;0,0
140;0,0;0,0;0,0
141;0,0;0,0;0,0
142;0,0;0,0;0,0
143;0,0;0,0;0,0
144;0,0;0,0;0,0
145;0,0;0,0;0,0
146;0,0;0,0;0,0
147;0,0;0,0;0,0
148;0,0;0,0;0,0
149;0,0;0,0;0,0
150;0,0;0,0;0,0
151;0,0;0,0;0,0
152;0,0;0,0;0,0
153;0,0;0,0;0,0
154;0,0;0,0;0,0
155;0,0;0,0;0,0
156;0,0;0,0;0,0
157;0,0;0,0;0,0
158;0,0;0,0;0,0
159;0,0;0,0;0,0
160;0,0;0,0;0,0
161;0,0;0,0;0,0
162;0,0;0,0;0,0
163;0,0;0,0;0,0
164;0,0;0,0;0,0
165;0,0;0,0;0,0
166;0,0;0,0;0,0
167;0,0;0,0;0,0
168;0,0;0,0;0,0
169;0,0;0,0;0,0
170;0,0;0,0;0,0
171;0,0;0,0;0,0
172;0,0;0,0;0,0
173;0,0;0,0;0,0
174;0,0;0,0;0,0
175;0,0;0,0;0,0
176;0,0;0,0;0,0
177;0,0;0,0;0,0
178;0,0;0,0;0,0
179;0,0;0,0;0,0
180;0,0;0,0;0,0
181;0,0;0,0;0,0
182;0,0;0,0;0,0
183;0,0;0,0;0,0
184;0,0;0,0;0,0
185;0,0;0,0;0,0
186;0,0;0,0;0,0
187;0,0;0,0;0,0
188;0,0;0,0;0,0
189;0,0;0,0;0,0
190;0,0;0,0;0,0
191;0,0;0,0;0,0
192;0,0;0,0;0,0
193;0,0;0,0;0,0
194;0,0;0,0;0,0
195;0,0;0,0;0,0
196;0,0;0,0;0,0
197;0,0;0,0;0,0
198;0,0;0,0;0,0
199;0,0;0,0;0,0
200;0,0;0,0;0,0
201;0,0;0,0;0,0
202;0,0;0,0;0,0
203;0,0;0,0;0,0
204;0,0;0,0;0,0
205;0,0;0,0;0,0
206;0,0;0,0;0,0
207;0,0;0,0;0,0
208;0,0;0,0;0,0
209;0,0;0,0;0,0
210;0,0;0,0;0,0
211;0,0;0,0;0,0
212;0,0;0,0;0,0
213;0,0;0,0;0,0
214;0,0;0,0;0,0
215;0,0;0,0;0,0
216;0,0;0,0;0,0
217;0,0;0,0;0,0
218;0,0;0,0;0,0
219;0,0;0,0;0,0
220;0,0;0,0;0,0
221;0,0;0,0;0,0
222;0,0;0,0;0,0
223;0,0;0,0;0,0
224;0,0;0,0;0,0
225;0,0;0,0;0,0
226;0,0;0,0;0,0
227;0,0;0,0;0,0
228;0,0;0,0;0,0
229;0,0;0,0;0,0
230;0,0;0,0;0,0
231;0,0;0,0;0,0
232;0,0;0,0;0,0
233;0,0;0,0;0,0
234;0,0;0,0;0,0
235;0,0;0,0;0,0
236;0,0;0,0;0,0
237;0,0;0,0;0,0
238;0,0;0,0;0,0
239;0,0;0,0;0,0
240;0,0;0,0;0,0
241;0,0;0,0;0,0
242;0,0;0,0;0,0
243;0,0;0,0;0,0
244;0,0;0,0;0,0
245;0,0;0,0;0,0
246;0,0;0,0;0,0
247;0,0;0,0;0,0
248;0,0;0,0;0,0
249;0,0;0,0;0,0
250;0,0;0,0;0,0
251;0,0;0,0;0,0
252;0,0;0,0;0,0
253;0,0;0,0;0,0
254;0,0;0,0;0,0
255;0,0;0,0;0,0
256;0,0;0,0;0,0
257;0,0;0,0;0,0
258;0,0;0,0;0,0
259;0,0;0,0;0,0
260;0,0;0,0;0,0
261;0,0;0,0;0,0
262;0,0;0,0;0,0
263;0,0;0,0;0,0
264;0,0;0,0;0,0
265;0,0;0,0;0,0
266;0,0;0,0;0,0
267;0,0;0,0;0,0
268;0,0;0,0;0,0
269;0,0;0,0;0,0
270;0,0;0,0;0,0
271;0,0;0,0;0,0
272;0,0;0,0;0,0
273;0,0;0,0;0,0
274;0,0;0,0;0,0
275;0,0;0,0;0,0
276;0,0;0,0;0,0
277;0,0;0,0;0,0
278;0,0;0,0;0,0
279;0,0;0,0;0,0
280;0,0;0,0;0,0
281;0,0;0,0;0,0
282;0,0;0,0;0,0
283;0,0;0,0;0,0
284;0,0;0,0;0,0
285;0,0;0,0;0,0
286;0,0;0,0;0,0
287;0,0;0,0;0,0
288;0,0;0,0;0,0
289;0,0;0,0;0,0
290;0,0;0,0;0,0
291;0,0;0,0;0,0
292;0,0;0,0;0,0
293;0,0;0,0;0,0
294;0,0;0,0;0,0
295;0,0;0,0;0,0
296;0,0;0,0;0,0
297;0,0;0,0;0,0
298;0,0;0,0;0,0
299;0,0;0,0;0,0
300;0,0;0,0;0,0
301;0,0;0,0;0,0
302;0,0;0,0;0,0
303;0,0;0,0;0,0
304;0,0;0,0;0,0
305;0,0;0,0;0,0
306;0,0;0,0;0,0
307;0,0;0,0;0,0
308;0,0;0,0;0,0
309;0,0;0,0;0,0
310;0,0;0,0;0,0
311;0,0;0,0;0,0
312;0,0;0,0;0,0
313;0,0;0,0;0,0
314;0,0;0,0;0,0
315;0,0;0,0;0,0
316;0,0;0,0;0,0
317;0,0;0,0;0,0
318;0,0;0,0;0,0
319;0,0;0,0;0,0
320;0,0;0,0;0,0
321;0,0;0,0;0,0
322;0,0;0,0;0,0
323;0,0;0,0;0,0
324;0,0;0,0;0,0
325;0,0;0,0;0,0
326;0,0;0,0;0,0
327;0,0;0,0;0,0
328;0,0;0,0;0,0
329;0,0;0,0;0,0
330;0,0;0,0;0,0
331;0,0;0,0;0,0
332;0,0;0,0;0,0
333;0,0;0,0;0,0
334;0,0;0,0;0,0
335;0,0;0,0;0,0
336;0,0;0,0;0,0
337;0,0;0,0;0,0
338;0,0;0,0;0,0
339;0,0;0,0;0,0
340;0,0;0,0;0,0
341;0,0;0,0;0,0
342;0,0;0,0;0,0
343;0,0;0,0;0,0
344;0,0;0,0;0,0
345;0,0;0,0;0,0
346;89,7198257446289;-541,6179809570312;-51,50886917114258
347;89,7198257446289;-541,6179809570312;-51,50886917114258
348;89,7198257446289;-541,6179809570312;-51,50886917114258
349;89,7198257446289;-541,6179809570312;-51,50886917114258
350;89,7198257446289;-541,6179809570312;-51,50886917114258
351;89,7198257446289;-541,6179809570312;-51,50886917114258
352;89,7198257446289;-541,6179809570312;-51,50886917114258
353;89,7198257446289;-541,6179809570312;-51,50886917114258
354;89,7198257446289;-541,6179809570312;-51,50886917114258
355;89,7198257446289;-541,6179809570312;-51,50886917114258
356;89,7198257446289;-541,6179809570312;-51,50886917114258
357;89,7198257446289;-541,6179809570312;-51,50886917114258
358;89,7198257446289;-541,6179809570312;-51,50886917114258
359;89,7198257446289;-541,6179809570312;-51,50886917114258
360;89,7198257446289;-541,6179809570312;-51,50886917114258
361;89,7198257446289;-541,6179809570312;-51,50886917114258
362;89,7198257446289;-541,6179809570312;-51,50886917114258
363;89,7198257446289;-541,6179809570312;-51,50886917114258
364;89,7198257446289;-541,6179809570312;-51,50886917114258
365;89,7198257446289;-541,6179809570312;-51,50886917114258
366;89,7198257446289;-541,6179809570312;-51,50886917114258
367;89,7198257446289;-541,6179809570312;-51,50886917114258
368;89,7198257446289;-541,6179809570312;-51,50886917114258
369;89,7198257446289;-541,6179809570312;-51,50886917114258
370;89,7198257446289;-541,6179809570312;-51,50886917114258
371;89,7198257446289;-541,6179809570312;-51,50886917114258
372;89,7198257446289;-541,6179809570312;-51,50886917114258
373;89,7198257446289;-541,6179809570312;-51,50886917114258
374;89,7198257446289;-541,6179809570312;-51,50886917114258
375;89,7198257446289;-541,6179809570312;-51,50886917114258
376;89,7198257446289;-541,6179809570312;-51,50886917114258
377;89,7198257446289;-541,6179809570312;-51,50886917114258
378;89,7198257446289;-541,6179809570312;-51,50886917114258
379;89,7198257446289;-541,6179809570312;-51,50886917114258
380;89,7198257446289;-541,6179809570312;-51,50886917114258
381;89,7198257446289;-541,6179809570312;-51,50886917114258
382;89,7198257446289;-541,6179809570312;-51,50886917114258
383;89,7198257446289;-541,6179809570312;-51,50886917114258
384;89,7198257446289;-541,6179809570312;-51,50886917114258
385;89,7198257446289;-541,6179809570312;-51,50886917114258
386;89,7198257446289;-541,6179809570312;-51,50886917114258
387;89,7198257446289;-541,6179809570312;-51,50886917114258
388;89,7198257446289;-541,6179809570312;-51,50886917114258
389;89,7198257446289;-541,6179809570312;-51,50886917114258
390;89,7198257446289;-541,6179809570312;-51,50886917114258
391;89,7198257446289;-541,6179809570312;-51,50886917114258
392;89,7198257446289;-541,6179809570312;-51,50886917114258
393;89,7198257446289;-541,6179809570312;-51,50886917114258
394;89,7198257446289;-541,6179809570312;-51,50886917114258
395;89,7198257446289;-541,6179809570312;-51,50886917114258
396;89,7198257446289;-541,6179809570312;-51,50886917114258
397;89,7198257446289;-541,6179809570312;-51,50886917114258
398;89,7198257446289;-541,6179809570312;-51,50886917114258
399;89,7198257446289;-541,6179809570312;-51,50886917114258
400;89,7198257446289;-541,6179809570312;-51,50886917114258
401;89,7198257446289;-541,6179809570312;-51,50886917114258
402;89,7198257446289;-541,6179809570312;-51,50886917114258
403;89,7198257446289;-541,6179809570312;-51,50886917114258
404;89,7198257446289;-541,6179809570312;-51,50886917114258
405;89,7198257446289;-541,6179809570312;-51,50886917114258
406;89,7198257446289;-541,6179809570312;-51,50886917114258
407;89,7198257446289;-541,6179809570312;-51,50886917114258
408;89,7198257446289;-541,6179809570312;-51,50886917114258
409;89,7198257446289;-541,6179809570312;-51,50886917114258
410;89,7198257446289;-541,6179809570312;-51,50886917114258
411;89,7198257446289;-541,6179809570312;-51,50886917114258
412;89,7198257446289;-541,6179809570312;-51,50886917114258
413;89,7198257446289;-541,6179809570312;-51,50886917114258
414;89,7198257446289;-541,6179809570312;-51,50886917114258
415;89,7198257446289;-541,6179809570312;-51,50886917114258
416;89,7198257446289;-541,6179809570312;-51,50886917114258
417;89,7198257446289;-541,6179809570312;-51,50886917114258
418;89,7198257446289;-541,6179809570312;-51,50886917114258
419;89,7198257446289;-541,6179809570312;-51,50886917114258
420;89,7198257446289;-541,6179809570312;-51,50886917114258
421;89,7198257446289;-541,6179809570312;-51,50886917114258
422;89,7198257446289;-541,6179809570312;-51,50886917114258
423;89,7198257446289;-541,6179809570312;-51,50886917114258
424;89,7198257446289;-541,6179809570312;-51,50886917114258
425;89,7198257446289;-541,6179809570312;-51,50886917114258
426;89,7198257446289;-541,6179809570312;-51,50886917114258
427;89,7198257446289;-541,6179809570312;-51,50886917114258
428;106,77298736572266;-768,1746215820312;-64,54979705810547
429;106,77298736572266;-768,1746215820312;-64,54979705810547
430;106,77298736572266;-768,1746215820312;-64,54979705810547
431;106,77298736572266;-768,1746215820312;-64,54979705810547
432;106,77298736572266;-768,1746215820312;-64,54979705810547
433;106,77298736572266;-768,1746215820312;-64,54979705810547
434;106,77298736572266;-768,1746215820312;-64,54979705810547
435;106,77298736572266;-768,1746215820312;-64,54979705810547
436;106,77298736572266;-768,1746215820312;-64,54979705810547
437;106,77298736572266;-768,1746215820312;-64,54979705810547
438;106,77298736572266;-768,1746215820312;-64,54979705810547
439;106,77298736572266;-768,1746215820312;-64,54979705810547
440;106,77298736572266;-768,1746215820312;-64,54979705810547
441;106,77298736572266;-768,1746215820312;-64,54979705810547
442;106,77298736572266;-768,1746215820312;-64,54979705810547
443;106,77298736572266;-768,1746215820312;-64,54979705810547
444;106,77298736572266;-768,1746215820312;-64,54979705810547
445;106,77298736572266;-768,1746215820312;-64,54979705810547
446;106,77298736572266;-768,1746215820312;-64,54979705810547
447;106,77298736572266;-768,1746215820312;-64,54979705810547
448;106,77298736572266;-768,1746215820312;-64,54979705810547
449;106,77298736572266;-768,1746215820312;-64,54979705810547
450;106,77298736572266;-768,1746215820312;-64,54979705810547
451;106,77298736572266;-768,1746215820312;-64,54979705810547
452;106,77298736572266;-768,1746215820312;-64,54979705810547
453;106,77298736572266;-768,1746215820312;-64,54979705810547
454;106,77298736572266;-768,1746215820312;-64,54979705810547
455;106,77298736572266;-768,1746215820312;-64,54979705810547
456;106,77298736572266;-768,1746215820312;-64,54979705810547
457;106,77298736572266;-768,1746215820312;-64,54979705810547
458;106,77298736572266;-768,1746215820312;-64,54979705810547
459;106,77298736572266;-768,1746215820312;-64,54979705810547
460;106,77298736572266;-768,1746215820312;-64,54979705810547
461;106,77298736572266;-768,1746215820312;-64,54979705810547
462;106,77298736572266;-768,1746215820312;-64,54979705810547
463;106,77298736572266;-768,1746215820312;-64,54979705810547
464;106,77298736572266;-768,1746215820312;-64,54979705810547
465;106,77298736572266;-768,1746215820312;-64,54979705810547
466;106,77298736572266;-768,1746215820312;-64,54979705810547
467;106,77298736572266;-768,1746215820312;-64,54979705810547
468;106,77298736572266;-768,1746215820312;-64,54979705810547
469;106,77298736572266;-768,1746215820312;-64,54979705810547
470;106,77298736572266;-768,1746215820312;-64,54979705810547
471;106,77298736572266;-768,1746215820312;-64,54979705810547
472;106,77298736572266;-768,1746215820312;-64,54979705810547
473;106,77298736572266;-768,1746215820312;-64,54979705810547
474;106,77298736572266;-768,1746215820312;-64,54979705810547
475;106,77298736572266;-768,1746215820312;-64,54979705810547
476;106,77298736572266;-768,1746215820312;-64,54979705810547
477;106,77298736572266;-768,1746215820312;-64,54979705810547
478;106,77298736572266;-768,1746215820312;-64,54979705810547
479;106,77298736572266;-768,1746215820312;-64,54979705810547
480;106,77298736572266;-768,1746215820312;-64,54979705810547
481;106,77298736572266;-768,1746215820312;-64,54979705810547
482;106,77298736572266;-768,1746215820312;-64,54979705810547
483;106,77298736572266;-768,1746215820312;-64,54979705810547
484;106,77298736572266;-768,1746215820312;-64,54979705810547
485;106,77298736572266;-768,1746215820312;-64,54979705810547
486;106,77298736572266;-768,1746215820312;-64,54979705810547
487;106,77298736572266;-768,1746215820312;-64,54979705810547
488;106,77298736572266;-768,1746215820312;-64,54979705810547
489;106,77298736572266;-768,1746215820312;-64,54979705810547
490;106,77298736572266;-768,1746215820312;-64,54979705810547
491;106,77298736572266;-768,1746215820312;-64,54979705810547
492;106,77298736572266;-768,1746215820312;-64,54979705810547
493;130,8462677001953;-1180,31787109375;-80,21009826660156
494;130,8462677001953;-1180,31787109375;-80,21009826660156
495;130,8462677001953;-1180,31787109375;-80,21009826660156
496;130,8462677001953;-1180,31787109375;-80,21009826660156
497;130,8462677001953;-1180,31787109375;-80,21009826660156
498;130,8462677001953;-1180,31787109375;-80,21009826660156
499;130,8462677001953;-1180,31787109375;-80,21009826660156
500;130,8462677001953;-1180,31787109375;-80,21009826660156
501;130,8462677001953;-1180,31787109375;-80,21009826660156
502;130,8462677001953;-1180,31787109375;-80,21009826660156
503;130,8462677001953;-1180,31787109375;-80,21009826660156
504;130,8462677001953;-1180,31787109375;-80,21009826660156
505;130,8462677001953;-1180,31787109375;-80,21009826660156
506;130,8462677001953;-1180,31787109375;-80,21009826660156
507;130,8462677001953;-1180,31787109375;-80,21009826660156
508;130,8462677001953;-1180,31787109375;-80,21009826660156
509;130,8462677001953;-1180,31787109375;-80,21009826660156
510;130,8462677001953;-1180,31787109375;-80,21009826660156
511;130,8462677001953;-1180,31787109375;-80,21009826660156
512;130,8462677001953;-1180,31787109375;-80,21009826660156
513;130,8462677001953;-1180,31787109375;-80,21009826660156
514;130,8462677001953;-1180,31787109375;-80,21009826660156
515;130,8462677001953;-1180,31787109375;-80,21009826660156
516;130,8462677001953;-1180,31787109375;-80,21009826660156
517;130,8462677001953;-1180,31787109375;-80,21009826660156
518;130,8462677001953;-1180,31787109375;-80,21009826660156
519;130,8462677001953;-1180,31787109375;-80,21009826660156
520;130,8462677001953;-1180,31787109375;-80,21009826660156
521;130,8462677001953;-1180,31787109375;-80,21009826660156
522;130,8462677001953;-1180,31787109375;-80,21009826660156
523;130,8462677001953;-1180,31787109375;-80,21009826660156
524;130,8462677001953;-1180,31787109375;-80,21009826660156
525;130,8462677001953;-1180,31787109375;-80,21009826660156
526;130,8462677001953;-1180,31787109375;-80,21009826660156
527;130,8462677001953;-1180,31787109375;-80,21009826660156
528;130,8462677001953;-1180,31787109375;-80,21009826660156
529;130,8462677001953;-1180,31787109375;-80,21009826660156
530;130,8462677001953;-1180,31787109375;-80,21009826660156
531;130,8462677001953;-1180,31787109375;-80,21009826660156
532;130,8462677001953;-1180,31787109375;-80,21009826660156
533;130,8462677001953;-1180,31787109375;-80,21009826660156
534;130,8462677001953;-1180,31787109375;-80,21009826660156
535;130,8462677001953;-1180,31787109375;-80,21009826660156
536;130,8462677001953;-1180,31787109375;-80,21009826660156
537;130,8462677001953;-1180,31787109375;-80,21009826660156
538;130,8462677001953;-1180,31787109375;-80,21009826660156
539;130,8462677001953;-1180,31787109375;-80,21009826660156
540;130,8462677001953;-1180,31787109375;-80,21009826660156
541;130,8462677001953;-1180,31787109375;-80,21009826660156
542;130,8462677001953;-1180,31787109375;-80,21009826660156
543;130,8462677001953;-1180,31787109375;-80,21009826660156
544;130,8462677001953;-1180,31787109375;-80,21009826660156
545;130,8462677001953;-1180,31787109375;-80,21009826660156
546;130,8462677001953;-1180,31787109375;-80,21009826660156
547;130,8462677001953;-1180,31787109375;-80,21009826660156
548;130,8462677001953;-1180,31787109375;-80,21009826660156
549;130,8462677001953;-1180,31787109375;-80,21009826660156
550;130,8462677001953;-1180,31787109375;-80,21009826660156
551;130,8462677001953;-1180,31787109375;-80,21009826660156
552;130,8462677001953;-1180,31787109375;-80,21009826660156
553;130,8462677001953;-1180,31787109375;-80,21009826660156
554;130,8462677001953;-1180,31787109375;-80,21009826660156
555;130,8462677001953;-1180,31787109375;-80,21009826660156
556;130,8462677001953;-1180,31787109375;-80,21009826660156
557;130,8462677001953;-1180,31787109375;-80,21009826660156
558;130,8462677001953;-1180,31787109375;-80,21009826660156
559;130,8462677001953;-1180,31787109375;-80,21009826660156
560;130,8462677001953;-1180,31787109375;-80,21009826660156
561;130,8462677001953;-1180,31787109375;-80,21009826660156
562;130,8462677001953;-1180,31787109375;-80,21009826660156
563;130,8462677001953;-1180,31787109375;-80,21009826660156
564;130,8462677001953;-1180,31787109375;-80,21009826660156
565;130,8462677001953;-1180,31787109375;-80,21009826660156
566;130,8462677001953;-1180,31787109375;-80,21009826660156
567;130,8462677001953;-1180,31787109375;-80,21009826660156
568;130,8462677001953;-1180,31787109375;-80,21009826660156
569;130,8462677001953;-1180,31787109375;-80,21009826660156
570;130,8462677001953;-1180,31787109375;-80,21009826660156
571;130,8462677001953;-1180,31787109375;-80,21009826660156
572;130,8462677001953;-1180,31787109375;-80,21009826660156
573;130,8462677001953;-1180,31787109375;-80,21009826660156
574;130,8462677001953;-1180,31787109375;-80,21009826660156
575;130,8462677001953;-1180,31787109375;-80,21009826660156
576;130,8462677001953;-1180,31787109375;-80,21009826660156
577;130,8462677001953;-1180,31787109375;-80,21009826660156
578;130,8462677001953;-1180,31787109375;-80,21009826660156
579;130,8462677001953;-1180,31787109375;-80,21009826660156
580;130,8462677001953;-1180,31787109375;-80,21009826660156
581;130,8462677001953;-1180,31787109375;-80,21009826660156
582;130,8462677001953;-1180,31787109375;-80,21009826660156
583;130,8462677001953;-1180,31787109375;-80,21009826660156
584;130,8462677001953;-1180,31787109375;-80,21009826660156
585;130,8462677001953;-1180,31787109375;-80,21009826660156
586;130,8462677001953;-1180,31787109375;-80,21009826660156
587;130,8462677001953;-1180,31787109375;-80,21009826660156
588;130,8462677001953;-1180,31787109375;-80,21009826660156
589;130,8462677001953;-1180,31787109375;-80,21009826660156
590;130,8462677001953;-1180,31787109375;-80,21009826660156
591;130,8462677001953;-1180,31787109375;-80,21009826660156
592;130,8462677001953;-1180,31787109375;-80,21009826660156
593;130,8462677001953;-1180,31787109375;-80,21009826660156
594;130,8462677001953;-1180,31787109375;-80,21009826660156
595;130,8462677001953;-1180,31787109375;-80,21009826660156
596;130,8462677001953;-1180,31787109375;-80,21009826660156
597;130,8462677001953;-1180,31787109375;-80,21009826660156
598;130,8462677001953;-1180,31787109375;-80,21009826660156
599;130,8462677001953;-1180,31787109375;-80,21009826660156
600;130,8462677001953;-1180,31787109375;-80,21009826660156
601;130,8462677001953;-1180,31787109375;-80,21009826660156
602;130,8462677001953;-1180,31787109375;-80,21009826660156
603;130,8462677001953;-1180,31787109375;-80,21009826660156
604;130,8462677001953;-1180,31787109375;-80,21009826660156
605;130,8462677001953;-1180,31787109375;-80,21009826660156
606;130,8462677001953;-1180,31787109375;-80,21009826660156
607;130,8462677001953;-1180,31787109375;-80,21009826660156
608;130,8462677001953;-1180,31787109375;-80,21009826660156
609;130,8462677001953;-1180,31787109375;-80,21009826660156
610;130,8462677001953;-1180,31787109375;-80,21009826660156
611;130,8462677001953;-1180,31787109375;-80,21009826660156
612;130,8462677001953;-1180,31787109375;-80,21009826660156
613;130,8462677001953;-1180,31787109375;-80,21009826660156
614;130,8462677001953;-1180,31787109375;-80,21009826660156
615;130,8462677001953;-1180,31787109375;-80,21009826660156
616;130,8462677001953;-1180,31787109375;-80,21009826660156
617;130,8462677001953;-1180,31787109375;-80,21009826660156
618;130,8462677001953;-1180,31787109375;-80,21009826660156
619;130,8462677001953;-1180,31787109375;-80,21009826660156
620;130,8462677001953;-1180,31787109375;-80,21009826660156
621;130,8462677001953;-1180,31787109375;-80,21009826660156
622;130,8462677001953;-1180,31787109375;-80,21009826660156
623;130,8462677001953;-1180,31787109375;-80,21009826660156
624;130,8462677001953;-1180,31787109375;-80,21009826660156
625;130,8462677001953;-1180,31787109375;-80,21009826660156
626;130,8462677001953;-1180,31787109375;-80,21009826660156
627;130,8462677001953;-1180,31787109375;-80,21009826660156
628;130,8462677001953;-1180,31787109375;-80,21009826660156
629;130,8462677001953;-1180,31787109375;-80,21009826660156
630;130,8462677001953;-1180,31787109375;-80,21009826660156
631;130,8462677001953;-1180,31787109375;-80,21009826660156
632;130,8462677001953;-1180,31787109375;-80,21009826660156
633;130,8462677001953;-1180,31787109375;-80,21009826660156
634;130,8462677001953;-1180,31787109375;-80,21009826660156
635;130,8462677001953;-1180,31787109375;-80,21009826660156
636;130,8462677001953;-1180,31787109375;-80,21009826660156
637;130,8462677001953;-1180,31787109375;-80,21009826660156
638;130,8462677001953;-1180,31787109375;-80,21009826660156
639;130,8462677001953;-1180,31787109375;-80,21009826660156
640;130,8462677001953;-1180,31787109375;-80,21009826660156
641;130,8462677001953;-1180,31787109375;-80,21009826660156
642;130,8462677001953;-1180,31787109375;-80,21009826660156
643;130,8462677001953;-1180,31787109375;-80,21009826660156
644;130,8462677001953;-1180,31787109375;-80,21009826660156
645;130,8462677001953;-1180,31787109375;-80,21009826660156
646;130,8462677001953;-1180,31787109375;-80,21009826660156
647;130,8462677001953;-1180,31787109375;-80,21009826660156
648;130,8462677001953;-1180,31787109375;-80,21009826660156
649;130,8462677001953;-1180,31787109375;-80,21009826660156
650;130,8462677001953;-1180,31787109375;-80,21009826660156
651;130,8462677001953;-1180,31787109375;-80,21009826660156
652;130,8462677001953;-1180,31787109375;-80,21009826660156
653;130,8462677001953;-1180,31787109375;-80,21009826660156
654;130,8462677001953;-1180,31787109375;-80,21009826660156
655;130,8462677001953;-1180,31787109375;-80,21009826660156
656;130,8462677001953;-1180,31787109375;-80,21009826660156
657;130,8462677001953;-1180,31787109375;-80,21009826660156
658;130,8462677001953;-1180,31787109375;-80,21009826660156
659;130,8462677001953;-1180,31787109375;-80,21009826660156
660;130,8462677001953;-1180,31787109375;-80,21009826660156
661;130,8462677001953;-1180,31787109375;-80,21009826660156
662;130,8462677001953;-1180,31787109375;-80,21009826660156
663;130,8462677001953;-1180,31787109375;-80,21009826660156
664;130,8462677001953;-1180,31787109375;-80,21009826660156
665;130,8462677001953;-1180,31787109375;-80,21009826660156
666;130,8462677001953;-1180,31787109375;-80,21009826660156
667;130,8462677001953;-1180,31787109375;-80,21009826660156
668;130,8462677001953;-1180,31787109375;-80,21009826660156
669;130,8462677001953;-1180,31787109375;-80,21009826660156
670;130,8462677001953;-1180,31787109375;-80,21009826660156
671;130,8462677001953;-1180,31787109375;-80,21009826660156
672;130,8462677001953;-1180,31787109375;-80,21009826660156
673;130,8462677001953;-1180,31787109375;-80,21009826660156
674;130,8462677001953;-1180,31787109375;-80,21009826660156
675;130,8462677001953;-1180,31787109375;-80,21009826660156
676;130,8462677001953;-1180,31787109375;-80,21009826660156
677;130,8462677001953;-1180,31787109375;-80,21009826660156
678;130,8462677001953;-1180,31787109375;-80,21009826660156
679;130,8462677001953;-1180,31787109375;-80,21009826660156
680;130,8462677001953;-1180,31787109375;-80,21009826660156
681;130,8462677001953;-1180,31787109375;-80,21009826660156
682;130,8462677001953;-1180,31787109375;-80,21009826660156
683;130,8462677001953;-1180,31787109375;-80,21009826660156
684;130,8462677001953;-1180,31787109375;-80,21009826660156
685;130,8462677001953;-1180,31787109375;-80,21009826660156
686;130,8462677001953;-1180,31787109375;-80,21009826660156
687;130,8462677001953;-1180,31787109375;-80,21009826660156
688;130,8462677001953;-1180,31787109375;-80,21009826660156
689;130,8462677001953;-1180,31787109375;-80,21009826660156
690;130,8462677001953;-1180,31787109375;-80,21009826660156
691;130,8462677001953;-1180,31787109375;-80,21009826660156
692;130,8462677001953;-1180,31787109375;-80,21009826660156
693;130,8462677001953;-1180,31787109375;-80,21009826660156
694;130,8462677001953;-1180,31787109375;-80,21009826660156
695;130,8462677001953;-1180,31787109375;-80,21009826660156
696;130,8462677001953;-1180,31787109375;-80,21009826660156
697;130,8462677001953;-1180,31787109375;-80,21009826660156
698;130,8462677001953;-1180,31787109375;-80,21009826660156
699;130,8462677001953;-1180,31787109375;-80,21009826660156
700;130,8462677001953;-1180,31787109375;-80,21009826660156
701;130,8462677001953;-1180,31787109375;-80,21009826660156
702;130,8462677001953;-1180,31787109375;-80,21009826660156
703;130,8462677001953;-1180,31787109375;-80,21009826660156
704;130,8462677001953;-1180,31787109375;-80,21009826660156
705;130,8462677001953;-1180,31787109375;-80,21009826660156
706;130,8462677001953;-1180,31787109375;-80,21009826660156
707;130,8462677001953;-1180,31787109375;-80,21009826660156
708;130,8462677001953;-1180,31787109375;-80,21009826660156
709;130,8462677001953;-1180,31787109375;-80,21009826660156
710;130,8462677001953;-1180,31787109375;-80,21009826660156
711;130,8462677001953;-1180,31787109375;-80,21009826660156
712;130,8462677001953;-1180,31787109375;-80,21009826660156
713;130,8462677001953;-1180,31787109375;-80,21009826660156
714;130,8462677001953;-1180,31787109375;-80,21009826660156
715;130,8462677001953;-1180,31787109375;-80,21009826660156
716;130,8462677001953;-1180,31787109375;-80,21009826660156
717;130,8462677001953;-1180,31787109375;-80,21009826660156
718;130,8462677001953;-1180,31787109375;-80,21009826660156
719;130,8462677001953;-1180,31787109375;-80,21009826660156
720;130,8462677001953;-1180,31787109375;-80,21009826660156
721;130,8462677001953;-1180,31787109375;-80,21009826660156
722;130,8462677001953;-1180,31787109375;-80,21009826660156
723;130,8462677001953;-1180,31787109375;-80,21009826660156
724;130,8462677001953;-1180,31787109375;-80,21009826660156
725;130,8462677001953;-1180,31787109375;-80,21009826660156
726;130,8462677001953;-1180,31787109375;-80,21009826660156
727;130,8462677001953;-1180,31787109375;-80,21009826660156
728;130,8462677001953;-1180,31787109375;-80,21009826660156
729;130,8462677001953;-1180,31787109375;-80,21009826660156
730;130,8462677001953;-1180,31787109375;-80,21009826660156
731;130,8462677001953;-1180,31787109375;-80,21009826660156
732;130,8462677001953;-1180,31787109375;-80,21009826660156
733;130,8462677001953;-1180,31787109375;-80,21009826660156
734;130,8462677001953;-1180,31787109375;-80,21009826660156
735;130,8462677001953;-1180,31787109375;-80,21009826660156
736;130,8462677001953;-1180,31787109375;-80,21009826660156
737;130,8462677001953;-1180,31787109375;-80,21009826660156
738;130,8462677001953;-1180,31787109375;-80,21009826660156
739;130,8462677001953;-1180,31787109375;-80,21009826660156
740;130,8462677001953;-1180,31787109375;-80,21009826660156
741;130,8462677001953;-1180,31787109375;-80,21009826660156
742;130,8462677001953;-1180,31787109375;-80,21009826660156
743;130,8462677001953;-1180,31787109375;-80,21009826660156
744;130,8462677001953;-1180,31787109375;-80,21009826660156
745;130,8462677001953;-1180,31787109375;-80,21009826660156
746;130,8462677001953;-1180,31787109375;-80,21009826660156
747;130,8462677001953;-1180,31787109375;-80,21009826660156
748;130,8462677001953;-1180,31787109375;-80,21009826660156
749;130,8462677001953;-1180,31787109375;-80,21009826660156
750;130,8462677001953;-1180,31787109375;-80,21009826660156
751;130,8462677001953;-1180,31787109375;-80,21009826660156
752;130,8462677001953;-1180,31787109375;-80,21009826660156
753;130,8462677001953;-1180,31787109375;-80,21009826660156
754;130,8462677001953;-1180,31787109375;-80,21009826660156
755;130,8462677001953;-1180,31787109375;-80,21009826660156
756;130,8462677001953;-1180,31787109375;-80,21009826660156
757;130,8462677001953;-1180,31787109375;-80,21009826660156
758;130,8462677001953;-1180,31787109375;-80,21009826660156
759;130,8462677001953;-1180,31787109375;-80,21009826660156
760;130,8462677001953;-1180,31787109375;-80,21009826660156
761;130,8462677001953;-1180,31787109375;-80,21009826660156
762;130,8462677001953;-1180,31787109375;-80,21009826660156
763;130,8462677001953;-1180,31787109375;-80,21009826660156
764;130,8462677001953;-1180,31787109375;-80,21009826660156
765;130,8462677001953;-1180,31787109375;-80,21009826660156
766;130,8462677001953;-1180,31787109375;-80,21009826660156
767;130,8462677001953;-1180,31787109375;-80,21009826660156
768;130,8462677001953;-1180,31787109375;-80,21009826660156
769;130,8462677001953;-1180,31787109375;-80,21009826660156
770;130,8462677001953;-1180,31787109375;-80,21009826660156
771;130,8462677001953;-1180,31787109375;-80,21009826660156
772;130,8462677001953;-1180,31787109375;-80,21009826660156
773;130,8462677001953;-1180,31787109375;-80,21009826660156
774;130,8462677001953;-1180,31787109375;-80,21009826660156
775;130,8462677001953;-1180,31787109375;-80,21009826660156
776;130,8462677001953;-1180,31787109375;-80,21009826660156
777;130,8462677001953;-1180,31787109375;-80,21009826660156
778;130,8462677001953;-1180,31787109375;-80,21009826660156
779;130,8462677001953;-1180,31787109375;-80,21009826660156
780;130,8462677001953;-1180,31787109375;-80,21009826660156
781;130,8462677001953;-1180,31787109375;-80,21009826660156
782;130,8462677001953;-1180,31787109375;-80,21009826660156
783;130,8462677001953;-1180,31787109375;-80,21009826660156
784;130,8462677001953;-1180,31787109375;-80,21009826660156
785;130,8462677001953;-1180,31787109375;-80,21009826660156
786;130,8462677001953;-1180,31787109375;-80,21009826660156
787;130,8462677001953;-1180,31787109375;-80,21009826660156
788;130,8462677001953;-1180,31787109375;-80,21009826660156
789;130,8462677001953;-1180,31787109375;-80,21009826660156
790;130,8462677001953;-1180,31787109375;-80,21009826660156
791;130,8462677001953;-1180,31787109375;-80,21009826660156
792;130,8462677001953;-1180,31787109375;-80,21009826660156
793;130,8462677001953;-1180,31787109375;-80,21009826660156
794;130,8462677001953;-1180,31787109375;-80,21009826660156
795;130,8462677001953;-1180,31787109375;-80,21009826660156
796;130,8462677001953;-1180,31787109375;-80,21009826660156
797;130,8462677001953;-1180,31787109375;-80,21009826660156
798;130,8462677001953;-1180,31787109375;-80,21009826660156
799;130,8462677001953;-1180,31787109375;-80,21009826660156
800;130,8462677001953;-1180,31787109375;-80,21009826660156
801;130,8462677001953;-1180,31787109375;-80,21009826660156
802;130,8462677001953;-1180,31787109375;-80,21009826660156
803;130,8462677001953;-1180,31787109375;-80,21009826660156
804;130,8462677001953;-1180,31787109375;-80,21009826660156
805;130,8462677001953;-1180,31787109375;-80,21009826660156
806;130,8462677001953;-1180,31787109375;-80,21009826660156
807;130,8462677001953;-1180,31787109375;-80,21009826660156
808;130,8462677001953;-1180,31787109375;-80,21009826660156
809;130,8462677001953;-1180,31787109375;-80,21009826660156
810;130,8462677001953;-1180,31787109375;-80,21009826660156
811;130,8462677001953;-1180,31787109375;-80,21009826660156
812;130,8462677001953;-1180,31787109375;-80,21009826660156
813;130,8462677001953;-1180,31787109375;-80,21009826660156
814;130,8462677001953;-1180,31787109375;-80,21009826660156
815;130,8462677001953;-1180,31787109375;-80,21009826660156
816;130,8462677001953;-1180,31787109375;-80,21009826660156
817;130,8462677001953;-1180,31787109375;-80,21009826660156
818;130,8462677001953;-1180,31787109375;-80,21009826660156
819;130,8462677001953;-1180,31787109375;-80,21009826660156
820;130,8462677001953;-1180,31787109375;-80,21009826660156
821;130,8462677001953;-1180,31787109375;-80,21009826660156
822;130,8462677001953;-1180,31787109375;-80,21009826660156
823;130,8462677001953;-1180,31787109375;-80,21009826660156
824;130,8462677001953;-1180,31787109375;-80,21009826660156
825;130,8462677001953;-1180,31787109375;-80,21009826660156
826;130,8462677001953;-1180,31787109375;-80,21009826660156
827;130,8462677001953;-1180,31787109375;-80,21009826660156
828;130,8462677001953;-1180,31787109375;-80,21009826660156
829;130,8462677001953;-1180,31787109375;-80,21009826660156
830;130,8462677001953;-1180,31787109375;-80,21009826660156
831;130,8462677001953;-1180,31787109375;-80,21009826660156
832;130,8462677001953;-1180,31787109375;-80,21009826660156
833;130,8462677001953;-1180,31787109375;-80,21009826660156
834;130,8462677001953;-1180,31787109375;-80,21009826660156
835;130,8462677001953;-1180,31787109375;-80,21009826660156
836;130,8462677001953;-1180,31787109375;-80,21009826660156
837;130,8462677001953;-1180,31787109375;-80,21009826660156
838;130,8462677001953;-1180,31787109375;-80,21009826660156
839;130,8462677001953;-1180,31787109375;-80,21009826660156
840;130,8462677001953;-1180,31787109375;-80,21009826660156
841;130,8462677001953;-1180,31787109375;-80,21009826660156
842;130,8462677001953;-1180,31787109375;-80,21009826660156
843;130,8462677001953;-1180,31787109375;-80,21009826660156
844;130,8462677001953;-1180,31787109375;-80,21009826660156
845;130,8462677001953;-1180,31787109375;-80,21009826660156
846;130,8462677001953;-1180,31787109375;-80,21009826660156
847;130,8462677001953;-1180,31787109375;-80,21009826660156
848;130,8462677001953;-1180,31787109375;-80,21009826660156
849;130,8462677001953;-1180,31787109375;-80,21009826660156
850;130,8462677001953;-1180,31787109375;-80,21009826660156
851;130,8462677001953;-1180,31787109375;-80,21009826660156
852;130,8462677001953;-1180,31787109375;-80,21009826660156
853;130,8462677001953;-1180,31787109375;-80,21009826660156
854;130,8462677001953;-1180,31787109375;-80,21009826660156
855;130,8462677001953;-1180,31787109375;-80,21009826660156
856;130,8462677001953;-1180,31787109375;-80,21009826660156
857;130,8462677001953;-1180,31787109375;-80,21009826660156
858;130,8462677001953;-1180,31787109375;-80,21009826660156
859;130,8462677001953;-1180,31787109375;-80,21009826660156
860;130,8462677001953;-1180,31787109375;-80,21009826660156
861;130,8462677001953;-1180,31787109375;-80,21009826660156
862;130,8462677001953;-1180,31787109375;-80,21009826660156
863;130,8462677001953;-1180,31787109375;-80,21009826660156
864;130,8462677001953;-1180,31787109375;-80,21009826660156
865;130,8462677001953;-1180,31787109375;-80,21009826660156
866;130,8462677001953;-1180,31787109375;-80,21009826660156
867;130,8462677001953;-1180,31787109375;-80,21009826660156
868;130,8462677001953;-1180,31787109375;-80,21009826660156
869;130,8462677001953;-1180,31787109375;-80,21009826660156
870;130,8462677001953;-1180,31787109375;-80,21009826660156
871;130,8462677001953;-1180,31787109375;-80,21009826660156
872;130,8462677001953;-1180,31787109375;-80,21009826660156
873;130,8462677001953;-1180,31787109375;-80,21009826660156
874;130,8462677001953;-1180,31787109375;-80,21009826660156
875;130,8462677001953;-1180,31787109375;-80,21009826660156
876;130,8462677001953;-1180,31787109375;-80,21009826660156
877;130,8462677001953;-1180,31787109375;-80,21009826660156
878;130,8462677001953;-1180,31787109375;-80,21009826660156
879;130,8462677001953;-1180,31787109375;-80,21009826660156
880;130,8462677001953;-1180,31787109375;-80,21009826660156
881;130,8462677001953;-1180,31787109375;-80,21009826660156
882;130,8462677001953;-1180,31787109375;-80,21009826660156
883;130,8462677001953;-1180,31787109375;-80,21009826660156
884;130,8462677001953;-1180,31787109375;-80,21009826660156
885;130,8462677001953;-1180,31787109375;-80,21009826660156
886;130,8462677001953;-1180,31787109375;-80,21009826660156
887;130,8462677001953;-1180,31787109375;-80,21009826660156
888;130,8462677001953;-1180,31787109375;-80,21009826660156
889;130,8462677001953;-1180,31787109375;-80,21009826660156
890;130,8462677001953;-1180,31787109375;-80,21009826660156
891;130,8462677001953;-1180,31787109375;-80,21009826660156
892;130,8462677001953;-1180,31787109375;-80,21009826660156
893;130,8462677001953;-1180,31787109375;-80,21009826660156
894;130,8462677001953;-1180,31787109375;-80,21009826660156
895;130,8462677001953;-1180,31787109375;-80,21009826660156
896;130,8462677001953;-1180,31787109375;-80,21009826660156
897;130,8462677001953;-1180,31787109375;-80,21009826660156
898;130,8462677001953;-1180,31787109375;-80,21009826660156
899;130,8462677001953;-1180,31787109375;-80,21009826660156
900;130,8462677001953;-1180,31787109375;-80,21009826660156
901;130,8462677001953;-1180,31787109375;-80,21009826660156
902;130,8462677001953;-1180,31787109375;-80,21009826660156
903;130,8462677001953;-1180,31787109375;-80,21009826660156
904;130,8462677001953;-1180,31787109375;-80,21009826660156
905;130,8462677001953;-1180,31787109375;-80,21009826660156
906;130,8462677001953;-1180,31787109375;-80,21009826660156
907;130,8462677001953;-1180,31787109375;-80,21009826660156
908;130,8462677001953;-1180,31787109375;-80,21009826660156
909;130,8462677001953;-1180,31787109375;-80,21009826660156
910;130,8462677001953;-1180,31787109375;-80,21009826660156
911;130,8462677001953;-1180,31787109375;-80,21009826660156
912;130,8462677001953;-1180,31787109375;-80,21009826660156
913;130,8462677001953;-1180,31787109375;-80,21009826660156
914;130,8462677001953;-1180,31787109375;-80,21009826660156
915;130,8462677001953;-1180,31787109375;-80,21009826660156
916;130,8462677001953;-1180,31787109375;-80,21009826660156
917;130,8462677001953;-1180,31787109375;-80,21009826660156
918;130,8462677001953;-1180,31787109375;-80,21009826660156
919;130,8462677001953;-1180,31787109375;-80,21009826660156
920;130,8462677001953;-1180,31787109375;-80,21009826660156
921;130,8462677001953;-1180,31787109375;-80,21009826660156
922;130,8462677001953;-1180,31787109375;-80,21009826660156
923;130,8462677001953;-1180,31787109375;-80,21009826660156
924;130,8462677001953;-1180,31787109375;-80,21009826660156
925;130,8462677001953;-1180,31787109375;-80,21009826660156
926;130,8462677001953;-1180,31787109375;-80,21009826660156
927;130,8462677001953;-1180,31787109375;-80,21009826660156
928;130,8462677001953;-1180,31787109375;-80,21009826660156
929;130,8462677001953;-1180,31787109375;-80,21009826660156
930;130,8462677001953;-1180,31787109375;-80,21009826660156
931;130,8462677001953;-1180,31787109375;-80,21009826660156
932;130,8462677001953;-1180,31787109375;-80,21009826660156
933;130,8462677001953;-1180,31787109375;-80,21009826660156
934;130,8462677001953;-1180,31787109375;-80,21009826660156
935;130,8462677001953;-1180,31787109375;-80,21009826660156
936;130,8462677001953;-1180,31787109375;-80,21009826660156
937;130,8462677001953;-1180,31787109375;-80,21009826660156
938;130,8462677001953;-1180,31787109375;-80,21009826660156
939;130,8462677001953;-1180,31787109375;-80,21009826660156
940;130,8462677001953;-1180,31787109375;-80,21009826660156
941;130,8462677001953;-1180,31787109375;-80,21009826660156
942;130,8462677001953;-1180,31787109375;-80,21009826660156
943;130,8462677001953;-1180,31787109375;-80,21009826660156
944;130,8462677001953;-1180,31787109375;-80,21009826660156
945;130,8462677001953;-1180,31787109375;-80,21009826660156
946;130,8462677001953;-1180,31787109375;-80,21009826660156
947;130,8462677001953;-1180,31787109375;-80,21009826660156
948;130,8462677001953;-1180,31787109375;-80,21009826660156
949;130,8462677001953;-1180,31787109375;-80,21009826660156
950;130,8462677001953;-1180,31787109375;-80,21009826660156
951;130,8462677001953;-1180,31787109375;-80,21009826660156
952;130,8462677001953;-1180,31787109375;-80,21009826660156
953;130,8462677001953;-1180,31787109375;-80,21009826660156
954;130,8462677001953;-1180,31787109375;-80,21009826660156
955;130,8462677001953;-1180,31787109375;-80,21009826660156
956;130,8462677001953;-1180,31787109375;-80,21009826660156
957;130,8462677001953;-1180,31787109375;-80,21009826660156
958;130,8462677001953;-1180,31787109375;-80,21009826660156
959;130,8462677001953;-1180,31787109375;-80,21009826660156
960;130,8462677001953;-1180,31787109375;-80,21009826660156
961;130,8462677001953;-1180,31787109375;-80,21009826660156
962;130,8462677001953;-1180,31787109375;-80,21009826660156
963;130,8462677001953;-1180,31787109375;-80,21009826660156
964;130,8462677001953;-1180,31787109375;-80,21009826660156
965;130,8462677001953;-1180,31787109375;-80,21009826660156
966;130,8462677001953;-1180,31787109375;-80,21009826660156
967;130,8462677001953;-1180,31787109375;-80,21009826660156
968;130,8462677001953;-1180,31787109375;-80,21009826660156
969;130,8462677001953;-1180,31787109375;-80,21009826660156
970;130,8462677001953;-1180,31787109375;-80,21009826660156
971;130,8462677001953;-1180,31787109375;-80,21009826660156
972;130,8462677001953;-1180,31787109375;-80,21009826660156
973;130,8462677001953;-1180,31787109375;-80,21009826660156
974;130,8462677001953;-1180,31787109375;-80,21009826660156
975;130,8462677001953;-1180,31787109375;-80,21009826660156
976;130,8462677001953;-1180,31787109375;-80,21009826660156
977;130,8462677001953;-1180,31787109375;-80,21009826660156
978;130,8462677001953;-1180,31787109375;-80,21009826660156
979;130,8462677001953;-1180,31787109375;-80,21009826660156
980;130,8462677001953;-1180,31787109375;-80,21009826660156
981;130,8462677001953;-1180,31787109375;-80,21009826660156
982;130,8462677001953;-1180,31787109375;-80,21009826660156
983;130,8462677001953;-1180,31787109375;-80,21009826660156
984;130,8462677001953;-1180,31787109375;-80,21009826660156
985;130,8462677001953;-1180,31787109375;-80,21009826660156
986;130,8462677001953;-1180,31787109375;-80,21009826660156
987;130,8462677001953;-1180,31787109375;-80,21009826660156
988;130,8462677001953;-1180,31787109375;-80,21009826660156
989;130,8462677001953;-1180,31787109375;-80,21009826660156
990;130,8462677001953;-1180,31787109375;-80,21009826660156
991;130,8462677001953;-1180,31787109375;-80,21009826660156
992;130,8462677001953;-1180,31787109375;-80,21009826660156
993;130,8462677001953;-1180,31787109375;-80,21009826660156
994;130,8462677001953;-1180,31787109375;-80,21009826660156
995;130,8462677001953;-1180,31787109375;-80,21009826660156
996;130,8462677001953;-1180,31787109375;-80,21009826660156
997;130,8462677001953;-1180,31787109375;-80,21009826660156
998;130,8462677001953;-1180,31787109375;-80,21009826660156
999;130,8462677001953;-1180,31787109375;-80,21009826660156
1000;130,8462677001953;-1180,31787109375;-80,21009826660156
1001;130,8462677001953;-1180,31787109375;-80,21009826660156
1002;130,8462677001953;-1180,31787109375;-80,21009826660156
1003;130,8462677001953;-1180,31787109375;-80,21009826660156
1004;130,8462677001953;-1180,31787109375;-80,21009826660156
1005;130,8462677001953;-1180,31787109375;-80,21009826660156
1006;130,8462677001953;-1180,31787109375;-80,21009826660156
1007;130,8462677001953;-1180,31787109375;-80,21009826660156
1008;130,8462677001953;-1180,31787109375;-80,21009826660156
1009;130,8462677001953;-1180,31787109375;-80,21009826660156
1010;130,8462677001953;-1180,31787109375;-80,21009826660156
1011;130,8462677001953;-1180,31787109375;-80,21009826660156
1012;130,8462677001953;-1180,31787109375;-80,21009826660156
1013;130,8462677001953;-1180,31787109375;-80,21009826660156
1014;130,8462677001953;-1180,31787109375;-80,21009826660156
1015;130,8462677001953;-1180,31787109375;-80,21009826660156
1016;130,8462677001953;-1180,31787109375;-80,21009826660156
1017;130,8462677001953;-1180,31787109375;-80,21009826660156
1018;130,8462677001953;-1180,31787109375;-80,21009826660156
1019;130,8462677001953;-1180,31787109375;-80,21009826660156
1020;130,8462677001953;-1180,31787109375;-80,21009826660156
1021;130,8462677001953;-1180,31787109375;-80,21009826660156
1022;130,8462677001953;-1180,31787109375;-80,21009826660156
1023;130,8462677001953;-1180,31787109375;-80,21009826660156
1024;130,8462677001953;-1180,31787109375;-80,21009826660156
1025;130,8462677001953;-1180,31787109375;-80,21009826660156
1026;130,8462677001953;-1180,31787109375;-80,21009826660156
1027;130,8462677001953;-1180,31787109375;-80,21009826660156
1028;130,8462677001953;-1180,31787109375;-80,21009826660156
1029;130,8462677001953;-1180,31787109375;-80,21009826660156
1030;130,8462677001953;-1180,31787109375;-80,21009826660156
1031;130,8462677001953;-1180,31787109375;-80,21009826660156
1032;130,8462677001953;-1180,31787109375;-80,21009826660156
1033;130,8462677001953;-1180,31787109375;-80,21009826660156
1034;130,8462677001953;-1180,31787109375;-80,21009826660156
1035;130,8462677001953;-1180,31787109375;-80,21009826660156
1036;130,8462677001953;-1180,31787109375;-80,21009826660156
1037;130,8462677001953;-1180,31787109375;-80,21009826660156
1038;130,8462677001953;-1180,31787109375;-80,21009826660156
1039;130,8462677001953;-1180,31787109375;-80,21009826660156
1040;130,8462677001953;-1180,31787109375;-80,21009826660156
1041;130,8462677001953;-1180,31787109375;-80,21009826660156
1042;130,8462677001953;-1180,31787109375;-80,21009826660156
1043;130,8462677001953;-1180,31787109375;-80,21009826660156
1044;130,8462677001953;-1180,31787109375;-80,21009826660156
1045;130,8462677001953;-1180,31787109375;-80,21009826660156
1046;130,8462677001953;-1180,31787109375;-80,21009826660156
1047;130,8462677001953;-1180,31787109375;-80,21009826660156
1048;130,8462677001953;-1180,31787109375;-80,21009826660156
1049;130,8462677001953;-1180,31787109375;-80,21009826660156
1050;130,8462677001953;-1180,31787109375;-80,21009826660156
1051;130,8462677001953;-1180,31787109375;-80,21009826660156
1052;130,8462677001953;-1180,31787109375;-80,21009826660156
1053;130,8462677001953;-1180,31787109375;-80,21009826660156
1054;130,8462677001953;-1180,31787109375;-80,21009826660156
1055;130,8462677001953;-1180,31787109375;-80,21009826660156
1056;130,8462677001953;-1180,31787109375;-80,21009826660156
1057;130,8462677001953;-1180,31787109375;-80,21009826660156
1058;130,8462677001953;-1180,31787109375;-80,21009826660156
1059;130,8462677001953;-1180,31787109375;-80,21009826660156
1060;130,8462677001953;-1180,31787109375;-80,21009826660156
1061;130,8462677001953;-1180,31787109375;-80,21009826660156
1062;130,8462677001953;-1180,31787109375;-80,21009826660156
1063;130,8462677001953;-1180,31787109375;-80,21009826660156
1064;130,8462677001953;-1180,31787109375;-80,21009826660156
1065;130,8462677001953;-1180,31787109375;-80,21009826660156
1066;130,8462677001953;-1180,31787109375;-80,21009826660156
1067;130,8462677001953;-1180,31787109375;-80,21009826660156
1068;130,8462677001953;-1180,31787109375;-80,21009826660156
1069;130,8462677001953;-1180,31787109375;-80,21009826660156
1070;130,8462677001953;-1180,31787109375;-80,21009826660156
1071;130,8462677001953;-1180,31787109375;-80,21009826660156
1072;130,8462677001953;-1180,31787109375;-80,21009826660156
1073;130,8462677001953;-1180,31787109375;-80,21009826660156
1074;130,8462677001953;-1180,31787109375;-80,21009826660156
1075;130,8462677001953;-1180,31787109375;-80,21009826660156
1076;130,8462677001953;-1180,31787109375;-80,21009826660156
1077;130,8462677001953;-1180,31787109375;-80,21009826660156
1078;130,8462677001953;-1180,31787109375;-80,21009826660156
1079;130,8462677001953;-1180,31787109375;-80,21009826660156
1080;130,8462677001953;-1180,31787109375;-80,21009826660156
1081;130,8462677001953;-1180,31787109375;-80,21009826660156
1082;130,8462677001953;-1180,31787109375;-80,21009826660156
1083;130,8462677001953;-1180,31787109375;-80,21009826660156
1084;130,8462677001953;-1180,31787109375;-80,21009826660156
1085;130,8462677001953;-1180,31787109375;-80,21009826660156
1086;130,8462677001953;-1180,31787109375;-80,21009826660156
1087;130,8462677001953;-1180,31787109375;-80,21009826660156
1088;130,8462677001953;-1180,31787109375;-80,21009826660156
1089;130,8462677001953;-1180,31787109375;-80,21009826660156
1090;130,8462677001953;-1180,31787109375;-80,21009826660156
1091;130,8462677001953;-1180,31787109375;-80,21009826660156
1092;130,8462677001953;-1180,31787109375;-80,21009826660156
1093;130,8462677001953;-1180,31787109375;-80,21009826660156
1094;130,8462677001953;-1180,31787109375;-80,21009826660156
1095;130,8462677001953;-1180,31787109375;-80,21009826660156
1096;130,8462677001953;-1180,31787109375;-80,21009826660156
1097;130,8462677001953;-1180,31787109375;-80,21009826660156
1098;130,8462677001953;-1180,31787109375;-80,21009826660156
1099;130,8462677001953;-1180,31787109375;-80,21009826660156
1100;130,8462677001953;-1180,31787109375;-80,21009826660156
1101;130,8462677001953;-1180,31787109375;-80,21009826660156
1102;130,8462677001953;-1180,31787109375;-80,21009826660156
1103;130,8462677001953;-1180,31787109375;-80,21009826660156
1104;130,8462677001953;-1180,31787109375;-80,21009826660156
1105;130,8462677001953;-1180,31787109375;-80,21009826660156
1106;130,8462677001953;-1180,31787109375;-80,21009826660156
1107;130,8462677001953;-1180,31787109375;-80,21009826660156
1108;130,8462677001953;-1180,31787109375;-80,21009826660156
1109;130,8462677001953;-1180,31787109375;-80,21009826660156
1110;130,8462677001953;-1180,31787109375;-80,21009826660156
1111;130,8462677001953;-1180,31787109375;-80,21009826660156
1112;130,8462677001953;-1180,31787109375;-80,21009826660156
1113;130,8462677001953;-1180,31787109375;-80,21009826660156
1114;130,8462677001953;-1180,31787109375;-80,21009826660156
1115;130,8462677001953;-1180,31787109375;-80,21009826660156
1116;130,8462677001953;-1180,31787109375;-80,21009826660156
1117;130,8462677001953;-1180,31787109375;-80,21009826660156
1118;130,8462677001953;-1180,31787109375;-80,21009826660156
1119;130,8462677001953;-1180,31787109375;-80,21009826660156
1120;130,8462677001953;-1180,31787109375;-80,21009826660156
1121;130,8462677001953;-1180,31787109375;-80,21009826660156
1122;130,8462677001953;-1180,31787109375;-80,21009826660156
1123;130,8462677001953;-1180,31787109375;-80,21009826660156
1124;130,8462677001953;-1180,31787109375;-80,21009826660156
1125;130,8462677001953;-1180,31787109375;-80,21009826660156
1126;130,8462677001953;-1180,31787109375;-80,21009826660156
1127;130,8462677001953;-1180,31787109375;-80,21009826660156
1128;130,8462677001953;-1180,31787109375;-80,21009826660156
1129;130,8462677001953;-1180,31787109375;-80,21009826660156
1130;130,8462677001953;-1180,31787109375;-80,21009826660156
1131;130,8462677001953;-1180,31787109375;-80,21009826660156
1132;130,8462677001953;-1180,31787109375;-80,21009826660156
1133;130,8462677001953;-1180,31787109375;-80,21009826660156
1134;130,8462677001953;-1180,31787109375;-80,21009826660156
1135;130,8462677001953;-1180,31787109375;-80,21009826660156
1136;130,8462677001953;-1180,31787109375;-80,21009826660156
1137;130,8462677001953;-1180,31787109375;-80,21009826660156
1138;130,8462677001953;-1180,31787109375;-80,21009826660156
1139;130,8462677001953;-1180,31787109375;-80,21009826660156
1140;130,8462677001953;-1180,31787109375;-80,21009826660156
1141;130,8462677001953;-1180,31787109375;-80,21009826660156
1142;130,8462677001953;-1180,31787109375;-80,21009826660156
1143;130,8462677001953;-1180,31787109375;-80,21009826660156
1144;130,8462677001953;-1180,31787109375;-80,21009826660156
1145;130,8462677001953;-1180,31787109375;-80,21009826660156
1146;130,8462677001953;-1180,31787109375;-80,21009826660156
1147;130,8462677001953;-1180,31787109375;-80,21009826660156
1148;130,8462677001953;-1180,31787109375;-80,21009826660156
1149;130,8462677001953;-1180,31787109375;-80,21009826660156
1150;130,8462677001953;-1180,31787109375;-80,21009826660156
1151;130,8462677001953;-1180,31787109375;-80,21009826660156
1152;130,8462677001953;-1180,31787109375;-80,21009826660156
1153;130,8462677001953;-1180,31787109375;-80,21009826660156
1154;130,8462677001953;-1180,31787109375;-80,21009826660156
1155;130,8462677001953;-1180,31787109375;-80,21009826660156
1156;130,8462677001953;-1180,31787109375;-80,21009826660156
1157;130,8462677001953;-1180,31787109375;-80,21009826660156
1158;130,8462677001953;-1180,31787109375;-80,21009826660156
1159;130,8462677001953;-1180,31787109375;-80,21009826660156
1160;130,8462677001953;-1180,31787109375;-80,21009826660156
1161;130,8462677001953;-1180,31787109375;-80,21009826660156
1162;130,8462677001953;-1180,31787109375;-80,21009826660156
1163;130,8462677001953;-1180,31787109375;-80,21009826660156
1164;130,8462677001953;-1180,31787109375;-80,21009826660156
1165;130,8462677001953;-1180,31787109375;-80,21009826660156
1166;130,8462677001953;-1180,31787109375;-80,21009826660156
1167;130,8462677001953;-1180,31787109375;-80,21009826660156
1168;130,8462677001953;-1180,31787109375;-80,21009826660156
1169;130,8462677001953;-1180,31787109375;-80,21009826660156
1170;130,8462677001953;-1180,31787109375;-80,21009826660156
1171;130,8462677001953;-1180,31787109375;-80,21009826660156
1172;130,8462677001953;-1180,31787109375;-80,21009826660156
1173;130,8462677001953;-1180,31787109375;-80,21009826660156
1174;130,8462677001953;-1180,31787109375;-80,21009826660156
1175;130,8462677001953;-1180,31787109375;-80,21009826660156
1176;130,8462677001953;-1180,31787109375;-80,21009826660156
1177;130,8462677001953;-1180,31787109375;-80,21009826660156
1178;130,8462677001953;-1180,31787109375;-80,21009826660156
1179;130,8462677001953;-1180,31787109375;-80,21009826660156
1180;130,8462677001953;-1180,31787109375;-80,21009826660156
1181;130,8462677001953;-1180,31787109375;-80,21009826660156
1182;130,8462677001953;-1180,31787109375;-80,21009826660156
1183;130,8462677001953;-1180,31787109375;-80,21009826660156
1184;130,8462677001953;-1180,31787109375;-80,21009826660156
1185;130,8462677001953;-1180,31787109375;-80,21009826660156
1186;130,8462677001953;-1180,31787109375;-80,21009826660156
1187;130,8462677001953;-1180,31787109375;-80,21009826660156
1188;130,8462677001953;-1180,31787109375;-80,21009826660156
1189;130,8462677001953;-1180,31787109375;-80,21009826660156
1190;130,8462677001953;-1180,31787109375;-80,21009826660156
1191;130,8462677001953;-1180,31787109375;-80,21009826660156
1192;130,8462677001953;-1180,31787109375;-80,21009826660156
1193;130,8462677001953;-1180,31787109375;-80,21009826660156
1194;130,8462677001953;-1180,31787109375;-80,21009826660156
1195;130,8462677001953;-1180,31787109375;-80,21009826660156
1196;130,8462677001953;-1180,31787109375;-80,21009826660156
1197;130,8462677001953;-1180,31787109375;-80,21009826660156
1198;-509,1925354003906;-26,39699935913086;0,7421555519104004
1199;-509,1925354003906;-26,39699935913086;0,7421555519104004
1200;-509,1925354003906;-26,39699935913086;0,7421555519104004
1201;-509,1925354003906;-26,39699935913086;0,7421555519104004
1202;-509,1925354003906;-26,39699935913086;0,7421555519104004
1203;-509,1925354003906;-26,39699935913086;0,7421555519104004
1204;-509,1925354003906;-26,39699935913086;0,7421555519104004
1205;-509,1925354003906;-26,39699935913086;0,7421555519104004
1206;-509,1925354003906;-26,39699935913086;0,7421555519104004
1207;-509,1925354003906;-26,39699935913086;0,7421555519104004
1208;-509,1925354003906;-26,39699935913086;0,7421555519104004
1209;-509,1925354003906;-26,39699935913086;0,7421555519104004
1210;-509,1925354003906;-26,39699935913086;0,7421555519104004
1211;-509,1925354003906;-26,39699935913086;0,7421555519104004
1212;-509,1925354003906;-26,39699935913086;0,7421555519104004
1213;-509,1925354003906;-26,39699935913086;0,7421555519104004
1214;-509,1925354003906;-26,39699935913086;0,7421555519104004
1215;-509,1925354003906;-26,39699935913086;0,7421555519104004
1216;-509,1925354003906;-26,39699935913086;0,7421555519104004
1217;-509,1925354003906;-26,39699935913086;0,7421555519104004
1218;-509,1925354003906;-26,39699935913086;0,7421555519104004
1219;-509,1925354003906;-26,39699935913086;0,7421555519104004
1220;-509,1925354003906;-26,39699935913086;0,7421555519104004
1221;-509,1925354003906;-26,39699935913086;0,7421555519104004
1222;-509,1925354003906;-26,39699935913086;0,7421555519104004
1223;-509,1925354003906;-26,39699935913086;0,7421555519104004
1224;-509,1925354003906;-26,39699935913086;0,7421555519104004
1225;-509,1925354003906;-26,39699935913086;0,7421555519104004
1226;-509,1925354003906;-26,39699935913086;0,7421555519104004
1227;-509,1925354003906;-26,39699935913086;0,7421555519104004
1228;-509,1925354003906;-26,39699935913086;0,7421555519104004
1229;-509,1925354003906;-26,39699935913086;0,7421555519104004
1230;-509,1925354003906;-26,39699935913086;0,7421555519104004
1231;-509,1925354003906;-26,39699935913086;0,7421555519104004
1232;-509,1925354003906;-26,39699935913086;0,7421555519104004
1233;-509,1925354003906;-26,39699935913086;0,7421555519104004
1234;-509,1925354003906;-26,39699935913086;0,7421555519104004
1235;-509,1925354003906;-26,39699935913086;0,7421555519104004
1236;-509,1925354003906;-26,39699935913086;0,7421555519104004
1237;-509,1925354003906;-26,39699935913086;0,7421555519104004
1238;-509,1925354003906;-26,39699935913086;0,7421555519104004
1239;-509,1925354003906;-26,39699935913086;0,7421555519104004
1240;-509,1925354003906;-26,39699935913086;0,7421555519104004
1241;-509,1925354003906;-26,39699935913086;0,7421555519104004
1242;-509,1925354003906;-26,39699935913086;0,7421555519104004
1243;-509,1925354003906;-26,39699935913086;0,7421555519104004
1244;-509,1925354003906;-26,39699935913086;0,7421555519104004
1245;-509,1925354003906;-26,39699935913086;0,7421555519104004
1246;-509,1925354003906;-26,39699935913086;0,7421555519104004
1247;-509,1925354003906;-26,39699935913086;0,7421555519104004
1248;-509,1925354003906;-26,39699935913086;0,7421555519104004
1249;-509,1925354003906;-26,39699935913086;0,7421555519104004
1250;-509,1925354003906;-26,39699935913086;0,7421555519104004
1251;-509,1925354003906;-26,39699935913086;0,7421555519104004
1252;-509,1925354003906;-26,39699935913086;0,7421555519104004
1253;-509,1925354003906;-26,39699935913086;0,7421555519104004
1254;-509,1925354003906;-26,39699935913086;0,7421555519104004
1255;-509,1925354003906;-26,39699935913086;0,7421555519104004
1256;-509,1925354003906;-26,39699935913086;0,7421555519104004
1257;-509,1925354003906;-26,39699935913086;0,7421555519104004
1258;-509,1925354003906;-26,39699935913086;0,7421555519104004
1259;-509,1925354003906;-26,39699935913086;0,7421555519104004
1260;-509,1925354003906;-26,39699935913086;0,7421555519104004
1261;-509,1925354003906;-26,39699935913086;0,7421555519104004
1262;-509,1925354003906;-26,39699935913086;0,7421555519104004
1263;-509,1925354003906;-26,39699935913086;0,7421555519104004
1264;-509,1925354003906;-26,39699935913086;0,7421555519104004
1265;-509,1925354003906;-26,39699935913086;0,7421555519104004
1266;-509,1925354003906;-26,39699935913086;0,7421555519104004
1267;-509,1925354003906;-26,39699935913086;0,7421555519104004
1268;-509,1925354003906;-26,39699935913086;0,7421555519104004
1269;-509,1925354003906;-26,39699935913086;0,7421555519104004
1270;-509,1925354003906;-26,39699935913086;0,7421555519104004
1271;-509,1925354003906;-26,39699935913086;0,7421555519104004
1272;-509,1925354003906;-26,39699935913086;0,7421555519104004
1273;-509,1925354003906;-26,39699935913086;0,7421555519104004
1274;-509,1925354003906;-26,39699935913086;0,7421555519104004
1275;-509,1925354003906;-26,39699935913086;0,7421555519104004
1276;-509,1925354003906;-26,39699935913086;0,7421555519104004
1277;-509,1925354003906;-26,39699935913086;0,7421555519104004
1278;-509,1925354003906;-26,39699935913086;0,7421555519104004
1279;-509,1925354003906;-26,39699935913086;0,7421555519104004
1280;-509,1925354003906;-26,39699935913086;0,7421555519104004
1281;-509,1925354003906;-26,39699935913086;0,7421555519104004
1282;-509,1925354003906;-26,39699935913086;0,7421555519104004
1283;-509,1925354003906;-26,39699935913086;0,7421555519104004
1284;-509,1925354003906;-26,39699935913086;0,7421555519104004
1285;-509,1925354003906;-26,39699935913086;0,7421555519104004
1286;-509,1925354003906;-26,39699935913086;0,7421555519104004
1287;-509,1925354003906;-26,39699935913086;0,7421555519104004
1288;-509,1925354003906;-26,39699935913086;0,7421555519104004
1289;-509,1925354003906;-26,39699935913086;0,7421555519104004
1290;-509,1925354003906;-26,39699935913086;0,7421555519104004
1291;-509,1925354003906;-26,39699935913086;0,7421555519104004
1292;-509,1925354003906;-26,39699935913086;0,7421555519104004
1293;-509,1925354003906;-26,39699935913086;0,7421555519104004
1294;-509,1925354003906;-26,39699935913086;0,7421555519104004
1295;-509,1925354003906;-26,39699935913086;0,7421555519104004
1296;-509,1925354003906;-26,39699935913086;0,7421555519104004
1297;-509,1925354003906;-26,39699935913086;0,7421555519104004
1298;-509,1925354003906;-26,39699935913086;0,7421555519104004
1299;-509,1925354003906;-26,39699935913086;0,7421555519104004
1300;-509,1925354003906;-26,39699935913086;0,7421555519104004
1301;-509,1925354003906;-26,39699935913086;0,7421555519104004
1302;-509,1925354003906;-26,39699935913086;0,7421555519104004
1303;-509,1925354003906;-26,39699935913086;0,7421555519104004
1304;-509,1925354003906;-26,39699935913086;0,7421555519104004
1305;-509,1925354003906;-26,39699935913086;0,7421555519104004
1306;-509,1925354003906;-26,39699935913086;0,7421555519104004
1307;-509,1925354003906;-26,39699935913086;0,7421555519104004
1308;-509,1925354003906;-26,39699935913086;0,7421555519104004
1309;-509,1925354003906;-26,39699935913086;0,7421555519104004
1310;-509,1925354003906;-26,39699935913086;0,7421555519104004
1311;-509,1925354003906;-26,39699935913086;0,7421555519104004
1312;-509,1925354003906;-26,39699935913086;0,7421555519104004
1313;-509,1925354003906;-26,39699935913086;0,7421555519104004
1314;-509,1925354003906;-26,39699935913086;0,7421555519104004
1315;-509,1925354003906;-26,39699935913086;0,7421555519104004
1316;-509,1925354003906;-26,39699935913086;0,7421555519104004
1317;-509,1925354003906;-26,39699935913086;0,7421555519104004
1318;-509,1925354003906;-26,39699935913086;0,7421555519104004
1319;-509,1925354003906;-26,39699935913086;0,7421555519104004
1320;-509,1925354003906;-26,39699935913086;0,7421555519104004
1321;-509,1925354003906;-26,39699935913086;0,7421555519104004
1322;-509,1925354003906;-26,39699935913086;0,7421555519104004
1323;-509,1925354003906;-26,39699935913086;0,7421555519104004
1324;-509,1925354003906;-26,39699935913086;0,7421555519104004
1325;-509,1925354003906;-26,39699935913086;0,7421555519104004
1326;-509,1925354003906;-26,39699935913086;0,7421555519104004
1327;-509,1925354003906;-26,39699935913086;0,7421555519104004
1328;-509,1925354003906;-26,39699935913086;0,7421555519104004
1329;-509,1925354003906;-26,39699935913086;0,7421555519104004
1330;-509,1925354003906;-26,39699935913086;0,7421555519104004
1331;-509,1925354003906;-26,39699935913086;0,7421555519104004
1332;-509,1925354003906;-26,39699935913086;0,7421555519104004
1333;-509,1925354003906;-26,39699935913086;0,7421555519104004
1334;-509,1925354003906;-26,39699935913086;0,7421555519104004
1335;-509,1925354003906;-26,39699935913086;0,7421555519104004
1336;-509,1925354003906;-26,39699935913086;0,7421555519104004
1337;-509,1925354003906;-26,39699935913086;0,7421555519104004
1338;-509,1925354003906;-26,39699935913086;0,7421555519104004
1339;-509,1925354003906;-26,39699935913086;0,7421555519104004
1340;-509,1925354003906;-26,39699935913086;0,7421555519104004
1341;-509,1925354003906;-26,39699935913086;0,7421555519104004
1342;-509,1925354003906;-26,39699935913086;0,7421555519104004
1343;-509,1925354003906;-26,39699935913086;0,7421555519104004
1344;-509,1925354003906;-26,39699935913086;0,7421555519104004
1345;-509,1925354003906;-26,39699935913086;0,7421555519104004
1346;-509,1925354003906;-26,39699935913086;0,7421555519104004
1347;-509,1925354003906;-26,39699935913086;0,7421555519104004
1348;-509,1925354003906;-26,39699935913086;0,7421555519104004
1349;-509,1925354003906;-26,39699935913086;0,7421555519104004
1350;-509,1925354003906;-26,39699935913086;0,7421555519104004
1351;-509,1925354003906;-26,39699935913086;0,7421555519104004
1352;-509,1925354003906;-26,39699935913086;0,7421555519104004
1353;-509,1925354003906;-26,39699935913086;0,7421555519104004
1354;-509,1925354003906;-26,39699935913086;0,7421555519104004
1355;-509,1925354003906;-26,39699935913086;0,7421555519104004
1356;-509,1925354003906;-26,39699935913086;0,7421555519104004
1357;-509,1925354003906;-26,39699935913086;0,7421555519104004
1358;-509,1925354003906;-26,39699935913086;0,7421555519104004
1359;-509,1925354003906;-26,39699935913086;0,7421555519104004
1360;-509,1925354003906;-26,39699935913086;0,7421555519104004
1361;-509,1925354003906;-26,39699935913086;0,7421555519104004
1362;-509,1925354003906;-26,39699935913086;0,7421555519104004
1363;-509,1925354003906;-26,39699935913086;0,7421555519104004
1364;-509,1925354003906;-26,39699935913086;0,7421555519104004
1365;-509,1925354003906;-26,39699935913086;0,7421555519104004
1366;-509,1925354003906;-26,39699935913086;0,7421555519104004
1367;-509,1925354003906;-26,39699935913086;0,7421555519104004
1368;-509,1925354003906;-26,39699935913086;0,7421555519104004
1369;-509,1925354003906;-26,39699935913086;0,7421555519104004
1370;-509,1925354003906;-26,39699935913086;0,7421555519104004
1371;-509,1925354003906;-26,39699935913086;0,7421555519104004
1372;-509,1925354003906;-26,39699935913086;0,7421555519104004
1373;-509,1925354003906;-26,39699935913086;0,7421555519104004
1374;-509,1925354003906;-26,39699935913086;0,7421555519104004
1375;-509,1925354003906;-26,39699935913086;0,7421555519104004
1376;-509,1925354003906;-26,39699935913086;0,7421555519104004
1377;-509,1925354003906;-26,39699935913086;0,7421555519104004
1378;-509,1925354003906;-26,39699935913086;0,7421555519104004
1379;-509,1925354003906;-26,39699935913086;0,7421555519104004
1380;-509,1925354003906;-26,39699935913086;0,7421555519104004
1381;-509,1925354003906;-26,39699935913086;0,7421555519104004
1382;-509,1925354003906;-26,39699935913086;0,7421555519104004
1383;-509,1925354003906;-26,39699935913086;0,7421555519104004
1384;-509,1925354003906;-26,39699935913086;0,7421555519104004
1385;-509,1925354003906;-26,39699935913086;0,7421555519104004
1386;-509,1925354003906;-26,39699935913086;0,7421555519104004
1387;-509,1925354003906;-26,39699935913086;0,7421555519104004
1388;-509,1925354003906;-26,39699935913086;0,7421555519104004
1389;-509,1925354003906;-26,39699935913086;0,7421555519104004
1390;-509,1925354003906;-26,39699935913086;0,7421555519104004
1391;-509,1925354003906;-26,39699935913086;0,7421555519104004
1392;-509,1925354003906;-26,39699935913086;0,7421555519104004
1393;-509,1925354003906;-26,39699935913086;0,7421555519104004
1394;-509,1925354003906;-26,39699935913086;0,7421555519104004
1395;-509,1925354003906;-26,39699935913086;0,7421555519104004
1396;-509,1925354003906;-26,39699935913086;0,7421555519104004
1397;-509,1925354003906;-26,39699935913086;0,7421555519104004
1398;-509,1925354003906;-26,39699935913086;0,7421555519104004
1399;-509,1925354003906;-26,39699935913086;0,7421555519104004
1400;-509,1925354003906;-26,39699935913086;0,7421555519104004
1401;-509,1925354003906;-26,39699935913086;0,7421555519104004
1402;-509,1925354003906;-26,39699935913086;0,7421555519104004
1403;-509,1925354003906;-26,39699935913086;0,7421555519104004
1404;-509,1925354003906;-26,39699935913086;0,7421555519104004
1405;-509,1925354003906;-26,39699935913086;0,7421555519104004
1406;-509,1925354003906;-26,39699935913086;0,7421555519104004
1407;-509,1925354003906;-26,39699935913086;0,7421555519104004
1408;-509,1925354003906;-26,39699935913086;0,7421555519104004
1409;-509,1925354003906;-26,39699935913086;0,7421555519104004
1410;-509,1925354003906;-26,39699935913086;0,7421555519104004
1411;-509,1925354003906;-26,39699935913086;0,7421555519104004
1412;-509,1925354003906;-26,39699935913086;0,7421555519104004
1413;-509,1925354003906;-26,39699935913086;0,7421555519104004
1414;-509,1925354003906;-26,39699935913086;0,7421555519104004
1415;-509,1925354003906;-26,39699935913086;0,7421555519104004
1416;-509,1925354003906;-26,39699935913086;0,7421555519104004
1417;-509,1925354003906;-26,39699935913086;0,7421555519104004
1418;-509,1925354003906;-26,39699935913086;0,7421555519104004
1419;-509,1925354003906;-26,39699935913086;0,7421555519104004
1420;-509,1925354003906;-26,39699935913086;0,7421555519104004
1421;-509,1925354003906;-26,39699935913086;0,7421555519104004
1422;-509,1925354003906;-26,39699935913086;0,7421555519104004
1423;-509,1925354003906;-26,39699935913086;0,7421555519104004
1424;-509,1925354003906;-26,39699935913086;0,7421555519104004
1425;-509,1925354003906;-26,39699935913086;0,7421555519104004
1426;-509,1925354003906;-26,39699935913086;0,7421555519104004
1427;-509,1925354003906;-26,39699935913086;0,7421555519104004
1428;-509,1925354003906;-26,39699935913086;0,7421555519104004
1429;-509,1925354003906;-26,39699935913086;0,7421555519104004
1430;-509,1925354003906;-26,39699935913086;0,7421555519104004
1431;-509,1925354003906;-26,39699935913086;0,7421555519104004
1432;-509,1925354003906;-26,39699935913086;0,7421555519104004
1433;-509,1925354003906;-26,39699935913086;0,7421555519104004
1434;-509,1925354003906;-26,39699935913086;0,7421555519104004
1435;-509,1925354003906;-26,39699935913086;0,7421555519104004
1436;-509,1925354003906;-26,39699935913086;0,7421555519104004
1437;-509,1925354003906;-26,39699935913086;0,7421555519104004
1438;-509,1925354003906;-26,39699935913086;0,7421555519104004
1439;-509,1925354003906;-26,39699935913086;0,7421555519104004
1440;-509,1925354003906;-26,39699935913086;0,7421555519104004
1441;-509,1925354003906;-26,39699935913086;0,7421555519104004
1442;-509,1925354003906;-26,39699935913086;0,7421555519104004
1443;-509,1925354003906;-26,39699935913086;0,7421555519104004
1444;-509,1925354003906;-26,39699935913086;0,7421555519104004
1445;-509,1925354003906;-26,39699935913086;0,7421555519104004
1446;-509,1925354003906;-26,39699935913086;0,7421555519104004
1447;-509,1925354003906;-26,39699935913086;0,7421555519104004
1448;-509,1925354003906;-26,39699935913086;0,7421555519104004
1449;-509,1925354003906;-26,39699935913086;0,7421555519104004
1450;-509,1925354003906;-26,39699935913086;0,7421555519104004
1451;-509,1925354003906;-26,39699935913086;0,7421555519104004
1452;-509,1925354003906;-26,39699935913086;0,7421555519104004
1453;-509,1925354003906;-26,39699935913086;0,7421555519104004
1454;-509,1925354003906;-26,39699935913086;0,7421555519104004
1455;-509,1925354003906;-26,39699935913086;0,7421555519104004
1456;-509,1925354003906;-26,39699935913086;0,7421555519104004
1457;-509,1925354003906;-26,39699935913086;0,7421555519104004
1458;-509,1925354003906;-26,39699935913086;0,7421555519104004
1459;-509,1925354003906;-26,39699935913086;0,7421555519104004
1460;-509,1925354003906;-26,39699935913086;0,7421555519104004
1461;-509,1925354003906;-26,39699935913086;0,7421555519104004
1462;-509,1925354003906;-26,39699935913086;0,7421555519104004
1463;-509,1925354003906;-26,39699935913086;0,7421555519104004
1464;-509,1925354003906;-26,39699935913086;0,7421555519104004
1465;-509,1925354003906;-26,39699935913086;0,7421555519104004
1466;-509,1925354003906;-26,39699935913086;0,7421555519104004
1467;-509,1925354003906;-26,39699935913086;0,7421555519104004
1468;-509,1925354003906;-26,39699935913086;0,7421555519104004
1469;-509,1925354003906;-26,39699935913086;0,7421555519104004
1470;-509,1925354003906;-26,39699935913086;0,7421555519104004
1471;-509,1925354003906;-26,39699935913086;0,7421555519104004
1472;-509,1925354003906;-26,39699935913086;0,7421555519104004
1473;-509,1925354003906;-26,39699935913086;0,7421555519104004
1474;-509,1925354003906;-26,39699935913086;0,7421555519104004
1475;-509,1925354003906;-26,39699935913086;0,7421555519104004
1476;-509,1925354003906;-26,39699935913086;0,7421555519104004
1477;-509,1925354003906;-26,39699935913086;0,7421555519104004
1478;-509,1925354003906;-26,39699935913086;0,7421555519104004
1479;-509,1925354003906;-26,39699935913086;0,7421555519104004
1480;-509,1925354003906;-26,39699935913086;0,7421555519104004
1481;-509,1925354003906;-26,39699935913086;0,7421555519104004
1482;-509,1925354003906;-26,39699935913086;0,7421555519104004
1483;-509,1925354003906;-26,39699935913086;0,7421555519104004
1484;-509,1925354003906;-26,39699935913086;0,7421555519104004
1485;-509,1925354003906;-26,39699935913086;0,7421555519104004
1486;-509,1925354003906;-26,39699935913086;0,7421555519104004
1487;-509,1925354003906;-26,39699935913086;0,7421555519104004
